,precision,recall,f1-score,support
0,0.9722719141323792,0.9490686845168801,0.9605301914580265,3436.0
1,0.9847659152836264,0.9988693467336683,0.9917674940750905,7960.0
2,0.9889673433362753,0.9988856697125028,0.9939017629448941,4487.0
3,0.9998229148220295,1.0,0.9999114495705305,5646.0
4,0.9982446901878181,0.9847619047619047,0.9914574616457462,5775.0
accuracy,0.9898549663053032,0.9898549663053032,0.9898549663053032,0.9898549663053032
macro avg,0.9888145555524257,0.9863171211449913,0.9875136719388576,27304.0
weighted avg,0.9898484733037729,0.9898549663053032,0.9898057092843773,27304.0
