,precision,recall,f1-score,support
0,0.9988358556461001,0.9985452429444283,0.9986905281536447,3437.0
1,1.0,1.0,1.0,7959.0
2,1.0,1.0,1.0,4487.0
3,1.0,1.0,1.0,5647.0
4,0.9991341991341991,0.9993072393488049,0.9992207117499351,5774.0
accuracy,0.9996703779665983,0.9996703779665983,0.9996703779665983,0.9996703779665983
macro avg,0.9995940109560599,0.9995704964586466,0.9995822479807159,27304.0
weighted avg,0.9996703670398663,0.9996703779665983,0.9996703682576986,27304.0
