,precision,recall,f1-score,support
0,0.9973760932944606,0.9953447774221705,0.9963594000291248,3437.0
1,1.0,1.0,1.0,7959.0
2,1.0,1.0,1.0,4487.0
3,1.0,1.0,1.0,5647.0
4,0.9972327914216534,0.9984415584415585,0.9978368088604309,5775.0
accuracy,0.9990844167734847,0.9990844167734847,0.9990844167734847,0.9990844167734847
macro avg,0.9989217769432228,0.9987572671727458,0.9988392417779112,27305.0
weighted avg,0.9990844535108263,0.9990844167734847,0.9990842273967805,27305.0
