,precision,recall,f1-score,support
0,0.950381679389313,0.9855646100116414,0.9676534461081266,4295.0
1,0.9954608249457273,0.9988118811881188,0.9971335376099635,10100.0
2,0.997115037865128,0.9935321595400647,0.9953203743700504,5566.0
3,1.0,0.9997141223556318,0.9998570407433881,6996.0
4,0.9997144081108097,0.9758851407861723,0.987656062636665,7174.0
accuracy,0.9916498198119013,0.9916498198119013,0.9916498198119013,0.9916498198119013
macro avg,0.9885343900621957,0.9907015827763258,0.9895240922936388,34131.0
weighted avg,0.9918823682128621,0.9916498198119013,0.9916942936050779,34131.0
