,precision,recall,f1-score,support
0,0.9991235758106923,0.9953434225844005,0.997229916897507,3436.0
1,1.0,1.0,1.0,7960.0
2,1.0,1.0,1.0,4487.0
3,1.0,1.0,1.0,5646.0
4,0.9972356599861782,0.9994805194805195,0.9983568278128513,5775.0
accuracy,0.9993041312628186,0.9993041312628186,0.9993041312628186,0.9993041312628186
macro avg,0.9992718471593742,0.998964788412984,0.9991173489420717,27304.0
weighted avg,0.9993050301386507,0.9993041312628186,0.9993038629900033,27304.0
