,precision,recall,f1-score,support
0,0.998829861923707,0.9937136204889406,0.996265172735761,4295.0
1,1.0,1.0,1.0,10100.0
2,1.0,1.0,1.0,5566.0
3,1.0,1.0,1.0,6996.0
4,0.9962479155086159,0.9993030387510454,0.9977731384829506,7174.0
accuracy,0.9990624359087047,0.9990624359087047,0.9990624359087047,0.9990624359087047
macro avg,0.9990155554864646,0.9986033318479972,0.9988076622437424,34131.0
weighted avg,0.9990641001676226,0.9990624359087047,0.9990619499099581,34131.0
