,precision,recall,f1-score,support
0,0.9512263884973217,0.9819557625145519,0.9663468423313762,3436.0
1,0.9942485621405351,0.9989949748743718,0.9966161173079333,7960.0
2,0.9964333481943826,0.9962112770225094,0.9963223002340355,4487.0
3,1.0,0.9996457669146298,0.999822852081488,5646.0
4,0.9996446971042814,0.9743722943722943,0.9868467204489653,5775.0
accuracy,0.9913199531204219,0.9913199531204219,0.9913199531204219,0.9913199531204219
macro avg,0.9883105991873041,0.9902360151396714,0.9891909664807595,27304.0
weighted avg,0.991524208344597,0.9913199531204219,0.9913554731400794,27304.0
