,precision,recall,f1-score,support
0,0.9988358556461001,0.9988358556461001,0.9988358556461001,4295.0
1,1.0,0.9998019801980198,0.9999009802950787,10100.0
2,0.9998203700377223,1.0,0.9999101769514057,5566.0
3,1.0,1.0,1.0,6996.0
4,0.9991637630662021,0.9993030387510454,0.9992333960554742,7174.0
accuracy,0.9996484134657643,0.9996484134657643,0.9996484134657643,0.9996484134657643
macro avg,0.9995639977500049,0.999588174919033,0.9995760817896118,34131.0
weighted avg,0.9996484432295244,0.9996484134657643,0.999648423110773,34131.0
