,precision,recall,f1-score,support
0,0.9997088791848617,0.999127145766657,0.9994179278230501,3437.0
1,1.0,1.0,1.0,7959.0
2,0.9995544664736021,1.0,0.999777183600713,4487.0
3,1.0,1.0,1.0,5647.0
4,0.9998268398268398,0.9998268398268398,0.9998268398268398,5775.0
accuracy,0.9998535066837575,0.9998535066837575,0.9998535066837575,0.9998535066837575
macro avg,0.9998180370970609,0.9997907971186993,0.9998043902501206,27305.0
weighted avg,0.9998535179939727,0.9998535066837575,0.999853493526615,27305.0
