,precision,recall,f1-score,support
0,0.9605561861520999,0.9851571594877765,0.9727011494252874,3436.0
1,0.9962254655259185,0.9947236180904523,0.9954739753583103,7960.0
2,0.986104984561094,0.9964341430800089,0.991242656024831,4487.0
3,1.0,1.0,1.0,5646.0
4,0.9984076433121019,0.9771428571428571,0.987660803360462,5775.0
accuracy,0.99117345443891,0.99117345443891,0.99117345443891,0.99117345443891
macro avg,0.9882588559102429,0.9906915555602189,0.989415716833778,27304.0
weighted avg,0.9913156668274957,0.99117345443891,0.9911961958052858,27304.0
