,precision,recall,f1-score,support
0,0.9976594499707431,0.9924330616996507,0.9950393930551503,3436.0
1,1.0,1.0,1.0,7960.0
2,1.0,1.0,1.0,4487.0
3,1.0,1.0,1.0,5646.0
4,0.9955118246159158,0.9986147186147186,0.997060857538036,5775.0
accuracy,0.9987547612071491,0.9987547612071491,0.9987547612071491,0.9987547612071491
macro avg,0.9986342549173317,0.9982095560628739,0.9984200501186372,27304.0
weighted avg,0.998756177016422,0.9987547612071491,0.9987540948879159,27304.0
