,precision,recall,f1-score,support
0,0.9595821980018165,0.9839348079161816,0.9716059317162893,4295.0
1,0.9960266216350452,0.9927722772277228,0.9943967868299698,10100.0
2,0.9812356169233493,0.9958677685950413,0.9884975479268836,5566.0
3,1.0,1.0,1.0,6996.0
4,0.9981468282252316,0.9760245330359631,0.986961730918317,7174.0
accuracy,0.9901262781635464,0.9901262781635464,0.9901262781635464,0.9901262781635464
macro avg,0.9869982529570885,0.9897198773549818,0.988292399478292,34131.0
weighted avg,0.990288512156542,0.9901262781635464,0.9901525250673346,34131.0
