,precision,recall,f1-score,support
0,0.9727728684021972,0.9483119906868451,0.9603867012497053,4295.0
1,0.9855412270418132,0.9988118811881188,0.99213217938631,10100.0
2,0.9877464038359084,0.9992813510600072,0.9934803965347861,5566.0
3,0.9998570816064027,1.0,0.9999285356964196,6996.0
4,0.9973163841807909,0.984248675773627,0.9907394415602638,7174.0
accuracy,0.9897160938736046,0.9897160938736046,0.9897160938736046,0.9897160938736046
macro avg,0.9886467930134225,0.9861307797417197,0.9873334508854968,34131.0
weighted avg,0.9897035020858399,0.9897160938736046,0.989662552233082,34131.0
