,precision,recall,f1-score,support
0,0.9632303180690277,0.9941792782305006,0.9784601283226397,4295.0
1,1.0,0.9995049504950495,0.9997524139638524,10100.0
2,0.9992779783393502,0.9946101329500538,0.996938591752206,5566.0
3,1.0,1.0,1.0,6996.0
4,0.99702844205462,0.9821577920267633,0.9895372515975002,7174.0
accuracy,0.9944918109636401,0.9944918109636401,0.9944918109636401,0.9944918109636401
macro avg,0.9919073476925997,0.9940904307404734,0.9929376771272397,34131.0
weighted avg,0.9946306140119875,0.9944918109636401,0.9945177720205647,34131.0
