,precision,recall,f1-score,support
0,0.9646320593268682,0.983997672388711,0.9742186374765951,3437.0
1,0.9960986659954694,0.9944716672948863,0.9952845017290161,7959.0
2,0.9854721549636803,0.9977713394250056,0.9915836101882614,4487.0
3,1.0,0.9996458296440588,0.999822883457315,5647.0
4,0.998587570621469,0.9795635607897472,0.988984088127295,5774.0
accuracy,0.9916129504834457,0.9916129504834457,0.9916129504834457,0.9916129504834457
macro avg,0.9889580901814974,0.9910900139084818,0.9899787441956963,27304.0
weighted avg,0.9917245774485345,0.9916129504834457,0.9916308384454102,27304.0
