,precision,recall,f1-score,support
0,0.9976630053750877,0.9939464493597207,0.9958012596221134,4295.0
1,1.0,1.0,1.0,10100.0
2,0.9998203700377223,1.0,0.9999101769514057,5566.0
3,1.0,1.0,1.0,6996.0
4,0.9963833634719711,0.9984666852523,0.997423936503516,7174.0
accuracy,0.9989159415194399,0.9989159415194399,0.9989159415194399,0.9989159415194399
macro avg,0.9987733477769563,0.9984826269224042,0.9986270746154069,34131.0
weighted avg,0.9989164406921532,0.9989159415194399,0.9989155247565182,34131.0
