,precision,recall,f1-score,support
0,0.9507499440340273,0.9888242142025612,0.9694133759415658,4295.0
1,0.9966409800434697,0.9988118811881188,0.997725249728019,10100.0
2,0.9974747474747475,0.9935321595400647,0.9954995499549955,5566.0
3,1.0,0.9997141223556318,0.9998570407433881,6996.0
4,0.9997144488863506,0.9760245330359631,0.9877274650867541,7174.0
accuracy,0.9920893029796959,0.9920893029796959,0.9920893029796959,0.9920893029796959
macro avg,0.9889160240877191,0.991381382064468,0.9900445362909446,34131.0
weighted avg,0.9923366092063027,0.9920893029796959,0.9921350871215213,34131.0
