,precision,recall,f1-score,support
0,0.999767008387698,0.9990686845168801,0.9994177244672179,4295.0
1,1.0,0.9998019801980198,0.9999009802950787,10100.0
2,1.0,1.0,1.0,5566.0
3,1.0,1.0,1.0,6996.0
4,0.9991642290012537,0.9998606077502091,0.9995122970807496,7174.0
accuracy,0.9997949078550291,0.9997949078550291,0.9997949078550291,0.9997949078550291
macro avg,0.9997862474777903,0.9997462544930219,0.9997662003686093,34131.0
weighted avg,0.9997950098116128,0.9997949078550291,0.9997949150867038,34131.0
