,precision,recall,f1-score,support
0,0.997175806072017,0.9864959254947614,0.9918071161048689,4295.0
1,1.0,0.9995049504950495,0.9997524139638524,10100.0
2,0.9985634763871432,0.9991016888250089,0.998832510103278,5566.0
3,1.0,1.0,1.0,6996.0
4,0.993076710052617,0.9997212155004181,0.9963878855237566,7174.0
accuracy,0.9979490785502915,0.9979490785502915,0.9979490785502915,0.9979490785502915
macro avg,0.9977631985023555,0.9969647560630476,0.9973559851391511,34131.0
weighted avg,0.9979551350551589,0.9979490785502915,0.9979461306931411,34131.0
