,precision,recall,f1-score,support
0,0.9502948609941028,0.9848661233993015,0.9672716878662284,3436.0
1,0.994994994994995,0.9989949748743718,0.9969909729187563,7960.0
2,0.9973190348525469,0.9948740806775128,0.9960950574584403,4487.0
3,1.0,0.9996457669146298,0.999822852081488,5646.0
4,0.9996448232995916,0.9747186147186148,0.9870243731369455,5775.0
accuracy,0.9915397011426897,0.9915397011426897,0.9915397011426897,0.9915397011426897
macro avg,0.9884507428282472,0.990619912116886,0.9894409886923716,27304.0
weighted avg,0.9917701679781137,0.9915397011426897,0.9915813713915772,27304.0
