,precision,recall,f1-score,support
0,0.9911373707533235,0.9761419842886238,0.9835825271181472,3437.0
1,0.996847812381793,0.9933408719688404,0.9950912523599749,7959.0
2,0.9856701940035273,0.9964341430800089,0.9910229413720492,4487.0
3,1.0,1.0,1.0,5647.0
4,0.9937995177402686,0.9991341991341991,0.9964597185044469,5775.0
accuracy,0.9942867606665445,0.9942867606665445,0.9942867606665445,0.9942867606665445
macro avg,0.9934909789757824,0.9930102396943343,0.9932312878709236,27305.0
weighted avg,0.9942994051444697,0.9942867606665445,0.994278675536996,27305.0
