,precision,recall,f1-score,support
0,0.9957015658581517,0.9435554262438173,0.9689273976695548,3437.0
1,0.9841466435471885,0.9983666289734892,0.9912056383708601,7959.0
2,0.9933554817275747,0.9995542678850011,0.9964452343923572,4487.0
3,1.0,1.0,1.0,5647.0
4,0.993632765444846,1.0,0.9968062149331032,5774.0
accuracy,0.992345443891005,0.992345443891005,0.992345443891005,0.992345443891005
macro avg,0.9933672913155522,0.9882952646204615,0.9906768970731751,27304.0
weighted avg,0.9923993206869584,0.992345443891005,0.9922655286158139,27304.0
