,precision,recall,f1-score,support
0,0.9997089639115251,0.9994180971777713,0.9995635093845482,3437.0
1,1.0,1.0,1.0,7959.0
2,1.0,1.0,1.0,4487.0
3,1.0,1.0,1.0,5647.0
4,0.9996537396121884,0.9998268398268398,0.999740282226647,5775.0
accuracy,0.9998901300128181,0.9998901300128181,0.9998901300128181,0.9998901300128181
macro avg,0.9998725407047427,0.9998489874009222,0.9998607583222391,27305.0
weighted avg,0.9998901320353158,0.9998901300128181,0.9998901267758131,27305.0
