,precision,recall,f1-score,support
0,0.9960889758005378,0.9487776484284052,0.9718578583353208,4295.0
1,0.9871807417555534,0.9988118811881188,0.9929622520793346,10100.0
2,0.9928596929667975,0.9992813510600072,0.9960601719197708,5566.0
3,0.9998570816064027,1.0,0.9999285356964196,6996.0
4,0.993076710052617,0.9997212155004181,0.9963878855237566,7174.0
accuracy,0.9930268670709912,0.9930268670709912,0.9930268670709912,0.9930268670709912
macro avg,0.9938126404363817,0.98931841923539,0.9914393407109205,34131.0
weighted avg,0.9930654582251754,0.9930268670709912,0.9929596522497585,34131.0
