,precision,recall,f1-score,support
0,0.99930151338766,0.99930151338766,0.99930151338766,4295.0
1,1.0,1.0,1.0,10100.0
2,1.0,1.0,1.0,5566.0
3,1.0,1.0,1.0,6996.0
4,0.9995818232506273,0.9995818232506273,0.9995818232506273,7174.0
accuracy,0.9998242067328821,0.9998242067328821,0.9998242067328821,0.9998242067328821
macro avg,0.9997766673276575,0.9997766673276575,0.9997766673276575,34131.0
weighted avg,0.9998242067328821,0.9998242067328821,0.9998242067328821,34131.0
