,precision,recall,f1-score,support
0,0.9912818096135722,0.9795110593713621,0.9853612835226607,4295.0
1,0.9979100318471338,0.9927722772277228,0.9953345245185626,10100.0
2,0.9845470692717584,0.9958677685950413,0.9901750625223295,5566.0
3,1.0,1.0,1.0,6996.0
4,0.9933453486760017,0.9987454697518818,0.996038089942309,7174.0
accuracy,0.9943453165743752,0.9943453165743752,0.9943453165743752,0.9943453165743752
macro avg,0.9934168518816933,0.9933793149892015,0.9933817921011723,34131.0
weighted avg,0.9943656855326415,0.9943453165743752,0.9943423007123354,34131.0
