,precision,recall,f1-score,support
0,0.9982578397212544,0.9994186046511628,0.9988378849506101,1720.0
1,1.0,1.0,1.0,3981.0
2,1.0,1.0,1.0,4487.0
3,1.0,1.0,1.0,2823.0
4,0.999656002751978,0.9989687177724303,0.9993122420907841,2909.0
accuracy,0.999748743718593,0.999748743718593,0.999748743718593,0.999748743718593
macro avg,0.9995827684946464,0.9996774644847186,0.9996300254082788,15920.0
weighted avg,0.9997489193672149,0.999748743718593,0.9997487735148958,15920.0
