,precision,recall,f1-score,support
0,0.9995305164319249,1.0,0.999765203099319,2129.0
1,1.0,0.999798549556809,0.9998992646318122,4964.0
2,1.0,1.0,1.0,5611.0
3,1.0,1.0,1.0,3611.0
4,0.999721059972106,0.999721059972106,0.999721059972106,3585.0
accuracy,0.9998994974874372,0.9998994974874372,0.9998994974874372,0.9998994974874372
macro avg,0.9998503152808063,0.9999039219057831,0.9998771055406476,19900.0
weighted avg,0.9998995210795761,0.9998994974874372,0.9998995008558175,19900.0
