,precision,recall,f1-score,support
0,0.9995256166982922,0.9896665100986378,0.9945716308708992,2129.0
1,0.9991945227547322,0.999597099113618,0.9993957703927493,4964.0
2,0.9976868327402135,0.9992871145963287,0.9984863324726204,5611.0
3,1.0,1.0,1.0,3611.0
4,0.9941585535465924,0.996931659693166,0.9955431754874652,3585.0
accuracy,0.9980402010050251,0.9980402010050251,0.9980402010050251,0.9980402010050251
macro avg,0.9981131051479661,0.9970964767003501,0.9975993818447468,19900.0
weighted avg,0.9980437629082927,0.9980402010050251,0.9980388292452355,19900.0
