,precision,recall,f1-score,support
0,0.9994152046783625,0.9936046511627907,0.9965014577259476,1720.0
1,1.0,1.0,1.0,3981.0
2,0.9993311036789297,0.9988856697125028,0.9991083370485956,4487.0
3,1.0,1.0,1.0,2823.0
4,0.9945224238274564,0.9986249570299072,0.9965694682675815,2909.0
accuracy,0.9987437185929648,0.9987437185929648,0.9987437185929648,0.9987437185929648
macro avg,0.9986537464369498,0.9982230555810402,0.9984358526084248,15920.0
weighted avg,0.9987473960532797,0.9987437185929648,0.9987438567095523,15920.0
