,precision,recall,f1-score,support
0,1.0,0.9982558139534884,0.999127145766657,1720.0
1,1.0,1.0,1.0,3981.0
2,1.0,1.0,1.0,4487.0
3,1.0,1.0,1.0,2823.0
4,0.9989697802197802,1.0,0.9994846246349425,2909.0
accuracy,0.9998115577889447,0.9998115577889447,0.9998115577889447,0.9998115577889447
macro avg,0.999793956043956,0.9996511627906977,0.99972235408032,15920.0
weighted avg,0.9998117519258379,0.9998115577889447,0.9998115241068906,15920.0
