,precision,recall,f1-score,support
0,0.9994182664339732,0.9988372093023256,0.9991276533876127,1720.0
1,1.0,1.0,1.0,3982.0
2,1.0,1.0,1.0,4486.0
3,1.0,1.0,1.0,2824.0
4,0.9993124785149536,0.999656121045392,0.999484270242393,2908.0
accuracy,0.9998115577889447,0.9998115577889447,0.9998115577889447,0.9998115577889447
macro avg,0.9997461489897853,0.9996986660695436,0.9997223847260012,15920.0
weighted avg,0.9998115644339146,0.9998115577889447,0.9998115465886666,15920.0
