,precision,recall,f1-score,support
0,1.0,0.9910756223579145,0.995517810804435,2129.0
1,1.0,1.0,1.0,4964.0
2,0.9998216833095578,0.9992871145963287,0.9995543274801676,5611.0
3,1.0,1.0,1.0,3611.0
4,0.9936235098419739,0.999721059972106,0.996662958843159,3585.0
accuracy,0.9987939698492462,0.9987939698492462,0.9987939698492462,0.9987939698492462
macro avg,0.9986890386303063,0.9980167593852698,0.9983470194255524,19900.0
weighted avg,0.9988009923534373,0.9987939698492462,0.9987936411128938,19900.0
