,precision,recall,f1-score,support
0,0.9990530303030303,0.9910756223579145,0.9950483376562131,2129.0
1,1.0,0.999597099113618,0.999798508966351,4964.0
2,0.9962713068181818,1.0,0.9981321711287023,5611.0
3,1.0,1.0,1.0,3611.0
4,0.99581356405247,0.995258019525802,0.9955357142857143,3585.0
accuracy,0.9980904522613065,0.9980904522613065,0.9980904522613065,0.9980904522613065
macro avg,0.9982275802347363,0.9971861481994668,0.9977029464073961,19900.0
weighted avg,0.9980931573467374,0.9980904522613065,0.9980890883063557,19900.0
