,precision,recall,f1-score,support
0,1.0,0.9930191972076788,0.9964973730297724,1719.0
1,1.0,1.0,1.0,3982.0
2,1.0,1.0,1.0,4487.0
3,1.0,1.0,1.0,2823.0
4,0.9958918178705922,1.0,0.9979416809605489,2909.0
accuracy,0.9992462311557789,0.9992462311557789,0.9992462311557789,0.9992462311557789
macro avg,0.9991783635741184,0.9986038394415357,0.9988878107980643,15920.0
weighted avg,0.9992493277754745,0.9992462311557789,0.9992456868186191,15920.0
