,precision,recall,f1-score,support
0,1.0,0.9930232558139535,0.9964994165694282,1720.0
1,1.0,1.0,1.0,3981.0
2,1.0,1.0,1.0,4487.0
3,1.0,1.0,1.0,2823.0
4,0.9958918178705922,1.0,0.9979416809605489,2909.0
accuracy,0.9992462311557789,0.9992462311557789,0.9992462311557789,0.9992462311557789
macro avg,0.9991783635741184,0.9986046511627908,0.9988882195059954,15920.0
weighted avg,0.9992493277754745,0.9992462311557789,0.9992456875887973,15920.0
