,precision,recall,f1-score,support
0,0.9574175824175825,0.982151244715829,0.9696267099466729,2129.0
1,0.9916100679184978,1.0,0.9957873620862587,4964.0
2,1.0,0.9992871145963287,0.999643430201462,5611.0
3,1.0,1.0,1.0,3611.0
4,1.0,0.9740585774058578,0.986858838490886,3585.0
accuracy,0.99321608040201,0.99321608040201,0.99321608040201,0.99321608040201
macro avg,0.989805530067216,0.991099387343603,0.990383268145056,19900.0
weighted avg,0.9933514778951987,0.99321608040201,0.9932317564684867,19900.0
