,precision,recall,f1-score,support
0,0.948471121177803,0.9738372093023255,0.9609868043602984,1720.0
1,0.9878411910669975,1.0,0.9938834103108226,3981.0
2,0.9997769848349688,0.9991085357700022,0.9994426485341656,4487.0
3,1.0,1.0,1.0,2823.0
4,1.0,0.9683740116878653,0.9839329374781698,2909.0
accuracy,0.991143216080402,0.991143216080402,0.991143216080402,0.991143216080402
macro avg,0.987217859415954,0.9882639513520386,0.9876491601366914,15920.0
weighted avg,0.9913294875011335,0.991143216080402,0.99116251501532,15920.0
