,precision,recall,f1-score,support
0,0.9990530303030303,0.9910756223579145,0.9950483376562131,2129.0
1,1.0,1.0,1.0,4964.0
2,1.0,1.0,1.0,5611.0
3,1.0,1.0,1.0,3611.0
4,0.9947251526929484,0.999442119944212,0.9970780576040073,3585.0
accuracy,0.9989447236180905,0.9989447236180905,0.9989447236180905,0.9989447236180905
macro avg,0.9987556365991956,0.9981035484604253,0.998425279052044,19900.0
weighted avg,0.9989484207999685,0.9989447236180905,0.9989438566522836,19900.0
