,precision,recall,f1-score,support
0,0.9983559391697493,0.09261095012963245,0.16949862182059244,26228.0
1,0.9998005186515061,0.4942800788954635,0.6615191711212302,10140.0
2,1.0,0.99982397465235,0.9999119795792624,5681.0
3,0.2829431591497948,1.0,0.4410844816185012,12340.0
4,0.24635143023934616,0.20050681026290781,0.22107744695712914,12628.0
accuracy,0.41769998657057167,0.41769998657057167,0.41769998657057167,0.41769998657057167
macro avg,0.7054902094420792,0.5574443627880707,0.4986183402193431,67017.0
weighted avg,0.725283156163979,0.41769998657057167,0.37406423306946734,67017.0
