,precision,recall,f1-score,support
0,0.9700122399020807,0.9669055970718317,0.9684564270984496,26228.0
1,1.0,1.0,1.0,10140.0
2,1.0,1.0,1.0,5681.0
3,1.0,1.0,1.0,12340.0
4,0.9317180616740088,0.9379157427937915,0.9348066298342541,12628.0
accuracy,0.9753495381768805,0.9753495381768805,0.9753495381768805,0.9753495381768805
macro avg,0.980346060315218,0.9809642679731245,0.9806526113865408,67017.0
weighted avg,0.9753975366096835,0.9753495381768805,0.9753706267288165,67017.0
