,precision,recall,f1-score,support
0,0.6981659435142545,1.0,0.8222587977114194,26228.0
1,0.9999013903954245,1.0,0.9999506927666288,10140.0
2,1.0,0.99982397465235,0.9999119795792624,5681.0
3,1.0,1.0,1.0,12340.0
4,1.0,0.1020747545137789,0.18524107207013005,12628.0
accuracy,0.8307892027396034,0.8307892027396034,0.8307892027396034,0.8307892027396034
macro avg,0.9396134667819357,0.8203797458332257,0.8014725084254881,67017.0
weighted avg,0.8818582817061562,0.8307892027396034,0.7768988164961147,67017.0
