,precision,recall,f1-score,support
0,0.8558202906651761,0.9340018301052311,0.8932035294975571,26228.0
1,0.9999013903954245,1.0,0.9999506927666288,10140.0
2,1.0,0.99982397465235,0.9999119795792624,5681.0
3,1.0,1.0,1.0,12340.0
4,0.830824863174355,0.6731865695280329,0.7437445319335083,12628.0
accuracy,0.9125744214154617,0.9125744214154617,0.9125744214154617,0.9125744214154617
macro avg,0.9373093088469912,0.9214024748571228,0.9273621467553912,67017.0
weighted avg,0.9116807832988884,0.9125744214154617,0.9099026829246561,67017.0
