,precision,recall,f1-score,support
0,0.9016065016065016,0.9094097910629861,0.9054913349657385,26228.0
1,1.0,1.0,1.0,10140.0
2,1.0,1.0,1.0,5681.0
3,1.0,1.0,1.0,12340.0
4,0.8084025481815983,0.7938707633829585,0.8010707579208118,12628.0
accuracy,0.9257054180282615,0.9257054180282615,0.9257054180282615,0.9257054180282615
macro avg,0.9420018099576198,0.9406561108891889,0.94131241857731,67017.0
weighted avg,0.9253897175727434,0.9257054180282615,0.9255285713252668,67017.0
