,precision,recall,f1-score,support
0,0.5927129148340664,0.9043007472929694,0.7160799468631122,26228.0
1,0.9999013709438801,0.9998027613412229,0.9998520637112284,10140.0
2,1.0,0.99982397465235,0.9999119795792624,5681.0
3,0.6463174478141,0.5319286871961102,0.583570412517781,12340.0
4,0.6510721247563352,0.05289832119100412,0.09784678482495972,12628.0
accuracy,0.697852783622066,0.697852783622066,0.697852783622066,0.697852783622066
macro avg,0.7780007716696764,0.6977508983347313,0.6794522374992688,67017.0
weighted avg,0.7097150025976668,0.697852783622066,0.64218351787735,67017.0
