,precision,recall,f1-score,support
0,0.5864298812855901,0.9266432819887144,0.7182882137368484,26228.0
1,0.9986200098570724,0.999112426035503,0.9988661572590584,10140.0
2,1.0,0.99982397465235,0.9999119795792624,5681.0
3,0.7938210136601558,0.5038897893030794,0.6164675556436822,12340.0
4,0.5383812010443865,0.08164396579030725,0.14178642645946504,12628.0
accuracy,0.7067460495098259,0.7067460495098259,0.7067460495098259,0.7067460495098259
macro avg,0.7834504211694411,0.7022226875539908,0.6950640665356632,67017.0
weighted avg,0.7129880320167122,0.7067460495098259,0.6572355475544991,67017.0
