,precision,recall,f1-score,support
0,0.9720763723150359,0.9483119906868451,0.9600471420153212,4295.0
1,0.9839071491270848,0.9988118811881188,0.9913034933425048,10100.0
2,0.9847733711048159,0.9992813510600072,0.9919743178170144,5566.0
3,0.9998570816064027,1.0,0.9999285356964196,6996.0
4,0.9980122107056651,0.9797881237803178,0.9888162059506225,7174.0
accuracy,0.9887785297823093,0.9887785297823093,0.9887785297823093,0.9887785297823093
macro avg,0.9877252369718009,0.9852386693430578,0.9864139389643766,34131.0
weighted avg,0.988793722755468,0.9887785297823093,0.9887247460638869,34131.0
