,precision,recall,f1-score,support
0,0.9988286969253294,0.9927240977881258,0.9957670413078382,3436.0
1,1.0,1.0,1.0,7960.0
2,0.999777183600713,1.0,0.9998885793871867,4487.0
3,0.9998229148220295,1.0,0.9999114495705305,5646.0
4,0.9960303762512944,0.9993073593073593,0.9976661768519319,5775.0
accuracy,0.998937884559039,0.998937884559039,0.998937884559039,0.998937884559039
macro avg,0.9988918343198734,0.998406291419097,0.9986466494234975,27304.0
weighted avg,0.998939760671998,0.998937884559039,0.9989370724157326,27304.0
