,precision,recall,f1-score,support
0,0.9991268917345751,0.9991268917345751,0.9991268917345751,3436.0
1,0.9998743876397438,1.0,0.9999371898750079,7960.0
2,1.0,1.0,1.0,4487.0
3,1.0,1.0,1.0,5646.0
4,0.9994804295116038,0.9993073593073593,0.9993938869166161,5775.0
accuracy,0.9997436273073542,0.9997436273073542,0.9997436273073542,0.9997436273073542
macro avg,0.9996963417771845,0.9996868502083869,0.9996915937052397,27304.0
weighted avg,0.9997436128787678,0.9997436273073542,0.9997436173582084,27304.0
