,precision,recall,f1-score,support
0,0.9992997198879552,0.9967403958090804,0.998018417064926,4295.0
1,1.0,0.9998019801980198,0.9999009802950787,10100.0
2,1.0,1.0,1.0,5566.0
3,0.9998570816064027,1.0,0.9999285356964196,6996.0
4,0.9977734483718341,0.9994424310008364,0.9986072423398329,7174.0
accuracy,0.9994140224429404,0.9994140224429404,0.9994140224429404,0.9994140224429404
macro avg,0.9993860499732385,0.9991969614015872,0.9992910350792513,34131.0
weighted avg,0.9994145837642231,0.9994140224429404,0.9994139461062455,34131.0
