,precision,recall,f1-score,support
0,0.972188995215311,0.9461583236321304,0.9589970501474926,3436.0
1,0.9817261390295098,0.9988693467336683,0.9902235506569524,7960.0
2,0.9872246696035242,0.9988856697125028,0.9930209371884346,4487.0
3,0.9998229148220295,1.0,0.9999114495705305,5646.0
4,0.9994712724709199,0.981991341991342,0.9906542056074766,5775.0
accuracy,0.9889027248754761,0.9889027248754761,0.9889027248754761,0.9889027248754761
macro avg,0.988086798228259,0.9851809364139287,0.9865614386341773,27304.0
weighted avg,0.9889248946070341,0.9889027248754761,0.9888480205962139,27304.0
