,precision,recall,f1-score,support
0,0.9988287655188569,0.9927823050058208,0.9957963568425969,4295.0
1,1.0,1.0,1.0,10100.0
2,0.9998203700377223,1.0,0.9999101769514057,5566.0
3,1.0,1.0,1.0,6996.0
4,0.9958327545492429,0.9993030387510454,0.9975648785918041,7174.0
accuracy,0.9989452403972928,0.9989452403972928,0.9989452403972928,0.9989452403972928
macro avg,0.9988963780211645,0.9984170687513731,0.9986542824771613,34131.0
weighted avg,0.9989474058383793,0.9989452403972928,0.9989445324358524,34131.0
