,precision,recall,f1-score,support
0,0.958352298588985,0.9804423748544819,0.9692714926919093,4295.0
1,0.9941561014263075,0.9937623762376238,0.9939591998415528,10100.0
2,0.9817148943724481,0.9935321595400647,0.9875881775158496,5566.0
3,0.9998570816064027,1.0,0.9999285356964196,6996.0
4,0.9984310369419483,0.9757457485363814,0.986958054282693,7174.0
accuracy,0.9895403006064868,0.9895403006064868,0.9895403006064868,0.9895403006064868
macro avg,0.9865022825872183,0.9886965318337104,0.9875410920056847,34131.0
weighted avg,0.9896888239683096,0.9895403006064868,0.9895655530960372,34131.0
