,precision,recall,f1-score,support
0,0.9588806396344945,0.9772991850989523,0.968002306140098,3436.0
1,0.992356847512843,0.9950998869204674,0.9937264742785445,7959.0
2,0.9843163242765628,0.9928698752228164,0.9885745978924015,4488.0
3,1.0,0.999822883457315,0.9999114338853955,5646.0
4,0.9989378651088688,0.9771428571428571,0.9879201680672269,5775.0
accuracy,0.9896718429534134,0.9896718429534134,0.9896718429534134,0.9896718429534134
macro avg,0.9868983353065538,0.9884469375684816,0.9876269960527333,27304.0
weighted avg,0.9897948967732118,0.9896718429534134,0.9896933289747505,27304.0
