,precision,recall,f1-score,support
0,0.954457095251319,1.0,0.9766979255470304,3437.0
1,1.0,0.9987435607488377,0.999371385466432,7959.0
2,1.0,0.9913082237575217,0.995635142697258,4487.0
3,1.0,1.0,1.0,5647.0
4,1.0,0.9800865800865801,0.989943156974202,5775.0
accuracy,0.9939937740340596,0.9939937740340596,0.9939937740340596,0.9939937740340596
macro avg,0.9908914190502639,0.9940276729185878,0.9923295221369844,27305.0
weighted avg,0.9942673150111255,0.9939937740340596,0.9940393423856836,27305.0
