,precision,recall,f1-score,support
0,0.9993011879804332,0.9988358556461001,0.9990684676292502,4295.0
1,0.9999009999009999,1.0,0.9999504975001238,10100.0
2,1.0,1.0,1.0,5566.0
3,1.0,1.0,1.0,6996.0
4,0.9994425087108014,0.9995818232506273,0.9995121611262109,7174.0
accuracy,0.9997656089771761,0.9997656089771761,0.9997656089771761,0.9997656089771761
macro avg,0.9997289393184469,0.9996835357793454,0.9997062252511171,34131.0
weighted avg,0.9997655872628212,0.9997656089771761,0.9997655895560726,34131.0
