,precision,recall,f1-score,support
0,0.9990525817148271,0.9906059182714889,0.994811320754717,2129.0
1,1.0,0.999597099113618,0.999798508966351,4964.0
2,0.99875400498398,1.0,0.9993766141241428,5611.0
3,1.0,1.0,1.0,3611.0
4,0.9947192884936076,0.998326359832636,0.9965195600723932,3585.0
accuracy,0.9985929648241206,0.9985929648241206,0.9985929648241206,0.9985929648241206
macro avg,0.998505175038483,0.9977058754435486,0.9981012007835208,19900.0
weighted avg,0.998595995863596,0.9985929648241206,0.9985918545279323,19900.0
