,precision,recall,f1-score,support
0,0.9995271867612293,0.9929544387036168,0.9962299717247879,2129.0
1,1.0,1.0,1.0,4964.0
2,1.0,1.0,1.0,5611.0
3,1.0,1.0,1.0,3611.0
4,0.9958321756043346,0.999721059972106,0.9977728285077951,3585.0
accuracy,0.9991959798994975,0.9991959798994975,0.9991959798994975,0.9991959798994975
macro avg,0.9990718724731128,0.9985350997351446,0.9988005600465165,19900.0
weighted avg,0.9991985794048341,0.9991959798994975,0.9991954371860562,19900.0
