,precision,recall,f1-score,support
0,0.9456582633053221,0.9813953488372092,0.9631954350927246,1720.0
1,0.9907914385266302,1.0,0.9953744218027254,3981.0
2,1.0,0.9988856697125028,0.9994425242501951,4487.0
3,1.0,1.0,1.0,2823.0
4,1.0,0.9666552079752492,0.9830449222163957,2909.0
accuracy,0.9915829145728643,0.9915829145728643,0.9915829145728643,0.9915829145728643
macro avg,0.9872899403663904,0.9893872453049923,0.9882114606724081,15920.0
weighted avg,0.9918261890489741,0.9915829145728643,0.9916116838312976,15920.0
