,precision,recall,f1-score,support
0,1.0,0.9912739965095986,0.9956178790534619,1719.0
1,1.0,1.0,1.0,3982.0
2,0.9977762953079831,1.0,0.998886910062333,4487.0
3,1.0,1.0,1.0,2823.0
4,0.9948524365133836,0.996562392574768,0.9957066804052894,2909.0
accuracy,0.9984296482412061,0.9984296482412061,0.9984296482412061,0.9984296482412061
macro avg,0.9985257463642734,0.9975672778168733,0.998042293904217,15920.0
weighted avg,0.9984326617377105,0.9984296482412061,0.9984286075905512,15920.0
