,precision,recall,f1-score,support
0,1.0,0.9967120713950212,0.998353328628558,2129.0
1,0.999798549556809,0.999798549556809,0.999798549556809,4964.0
2,0.9998218104062723,1.0,0.9999108972645461,5611.0
3,1.0,0.9994461368042094,0.9997229916897507,3611.0
4,0.9977734483718341,1.0,0.9988854834215659,3585.0
accuracy,0.9994974874371859,0.9994974874371859,0.9994974874371859,0.9994974874371859
macro avg,0.999478761666983,0.999191351551208,0.999334250112246,19900.0
weighted avg,0.9994983914875687,0.9994974874371859,0.9994974101637977,19900.0
