,precision,recall,f1-score,support
0,0.9990601503759399,0.9985908877407234,0.998825463941743,2129.0
1,1.0,1.0,1.0,4964.0
2,1.0,1.0,1.0,5611.0
3,1.0,1.0,1.0,3611.0
4,0.9991634132738427,0.999442119944212,0.9993027471761261,3585.0
accuracy,0.999748743718593,0.999748743718593,0.999748743718593,0.999748743718593
macro avg,0.9996447127299565,0.999606601536987,0.9996256422235739,19900.0
weighted avg,0.9997487385295026,0.999748743718593,0.999748731726552,19900.0
