,precision,recall,f1-score,support
0,0.9573394495412844,0.9802724283701268,0.9686702251102344,2129.0
1,0.9908183632734531,1.0,0.9953880088229397,4964.0
2,1.0,0.9992871145963287,0.999643430201462,5611.0
3,1.0,1.0,1.0,3611.0
4,1.0,0.9740585774058578,0.986858838490886,3585.0
accuracy,0.9930150753768844,0.9930150753768844,0.9930150753768844,0.9930150753768844
macro avg,0.9896315625629475,0.9907236240744627,0.9901121005251043,19900.0
weighted avg,0.9931456303197393,0.9930150753768844,0.9930298094425624,19900.0
