,precision,recall,f1-score,support
0,1.0,0.9936009307737056,0.9967901955062737,1719.0
1,1.0,1.0,1.0,3982.0
2,1.0,1.0,1.0,4487.0
3,1.0,1.0,1.0,2823.0
4,0.9962328767123287,1.0,0.9981128838565791,2909.0
accuracy,0.9993090452261306,0.9993090452261306,0.9993090452261306,0.9993090452261306
macro avg,0.9992465753424657,0.9987201861547412,0.9989806158725706,15920.0
weighted avg,0.99931164813795,0.9993090452261306,0.9993085882672157,15920.0
