,precision,recall,f1-score,support
0,0.9995253915519696,0.9891968060122123,0.9943342776203966,2129.0
1,0.998792270531401,0.999597099113618,0.9991945227547322,4964.0
2,0.999643430201462,0.9992871145963287,0.9994652406417113,5611.0
3,1.0,1.0,1.0,3611.0
4,0.9933425797503468,0.998884239888424,0.996105702364395,3585.0
accuracy,0.9983417085427135,0.9983417085427135,0.9983417085427135,0.9983417085427135
macro avg,0.9982607344070358,0.9973930519221167,0.997819948676247,19900.0
weighted avg,0.9983480816481113,0.9983417085427135,0.9983405877500157,19900.0
