,precision,recall,f1-score,support
0,0.999534450651769,0.99976717112922,0.9996507973460599,4295.0
1,1.0,1.0,1.0,10100.0
2,1.0,1.0,1.0,5566.0
3,1.0,1.0,1.0,6996.0
4,0.999860588317301,0.9997212155004181,0.9997908970516485,7174.0
accuracy,0.9999121033664411,0.9999121033664411,0.9999121033664411,0.9999121033664411
macro avg,0.9998790077938139,0.9998976773259276,0.9998883388795416,34131.0
weighted avg,0.9999121129219086,0.9999121033664411,0.999912105418823,34131.0
