,precision,recall,f1-score,support
0,0.9645916619074815,0.9828338667442537,0.9736273238218763,3437.0
1,0.995093105183694,0.9937178037441889,0.9944049789400893,7959.0
2,0.9854721549636803,0.9977713394250056,0.9915836101882614,4487.0
3,1.0,0.9996458296440588,0.999822883457315,5647.0
4,0.99858806918461,0.9799099411153447,0.9891608391608392,5774.0
accuracy,0.9913199531204219,0.9913199531204219,0.9913199531204219,0.9913199531204219
macro avg,0.9887489982478932,0.9907757561345705,0.9897199271136762,27304.0
weighted avg,0.9914264809891227,0.9913199531204219,0.9913374050129223,27304.0
