,precision,recall,f1-score,support
0,0.979136690647482,0.9506402793946449,0.9646780862374483,4295.0
1,0.9862156613549712,0.9988118811881188,0.9924738058930592,10100.0
2,0.9914438502673797,0.9992813510600072,0.9953471725125268,5566.0
3,0.9998570816064027,1.0,0.9999285356964196,6996.0
4,0.9956491228070176,0.988848620016727,0.9922372193859711,7174.0
accuracy,0.9909759456212827,0.9909759456212827,0.9909759456212827,0.9909759456212827
macro avg,0.9904604813366505,0.9875164263318995,0.988932963945085,34131.0
weighted avg,0.9909564233846156,0.9909759456212827,0.9909229155231775,34131.0
