,precision,recall,f1-score,support
0,0.9531425996846137,0.9850989522700815,0.9688573391344172,4295.0
1,0.9950680607614915,0.9988118811881188,0.9969364561715585,10100.0
2,0.9974806550296923,0.9958677685950413,0.996673559291558,5566.0
3,1.0,0.9997141223556318,0.9998570407433881,6996.0
4,0.9997144081108097,0.9758851407861723,0.987656062636665,7174.0
accuracy,0.991972107468284,0.991972107468284,0.991972107468284,0.991972107468284
macro avg,0.9890811447173216,0.9910755730390092,0.9899960915955173,34131.0
weighted avg,0.9921731964788227,0.991972107468284,0.9920081439256997,34131.0
