,precision,recall,f1-score,support
0,0.9971982255428438,0.9944121071012806,0.9958032175332245,4295.0
1,1.0,1.0,1.0,10100.0
2,0.9998203700377223,1.0,0.9999101769514057,5566.0
3,1.0,1.0,1.0,6996.0
4,0.9966597077244259,0.9981879007527181,0.9974232188871092,7174.0
accuracy,0.9989159415194399,0.9989159415194399,0.9989159415194399,0.9989159415194399
macro avg,0.9987356606609984,0.9985200015707998,0.9986273226743478,34131.0
weighted avg,0.9989160382511941,0.9989159415194399,0.9989156203015688,34131.0
