,precision,recall,f1-score,support
0,1.0,0.9994180971777713,0.9997089639115251,3437.0
1,1.0,1.0,1.0,7959.0
2,1.0,1.0,1.0,4487.0
3,1.0,1.0,1.0,5647.0
4,0.9996537995499394,1.0,0.9998268698060941,5775.0
accuracy,0.9999267533418787,0.9999267533418787,0.9999267533418787,0.9999267533418787
macro avg,0.9999307599099879,0.9998836194355543,0.9999071667435239,27305.0
weighted avg,0.9999267786999048,0.9999267533418787,0.9999267490237723,27305.0
