,precision,recall,f1-score,support
0,0.9948308270676691,0.9857974388824214,0.9902935329201263,4295.0
1,1.0,0.9995049504950495,0.9997524139638524,10100.0
2,0.9978428905266943,0.9973050664750269,0.9975739060113218,5566.0
3,1.0,1.0,1.0,6996.0
4,0.9932142362553663,0.9997212155004181,0.9964571031608197,7174.0
accuracy,0.9975681931382028,0.9975681931382028,0.9975681931382028,0.9975681931382028
macro avg,0.9971775907699459,0.9964657342705833,0.9968153912112241,34131.0
weighted avg,0.9975714412652198,0.9975681931382028,0.9975649621710935,34131.0
