,precision,recall,f1-score,support
0,0.9556313993174061,0.9778812572759022,0.9666283084004603,3436.0
1,0.9930061196453104,0.9988693467336683,0.9959291037765391,7960.0
2,0.995546648853262,0.9964341430800089,0.9959901982624193,4487.0
3,1.0,1.0,1.0,5646.0
4,1.0,0.9773160173160174,0.9885278921096419,5775.0
accuracy,0.9915030764723117,0.9915030764723117,0.9915030764723117,0.9915030764723117
macro avg,0.9888368335631957,0.9901001528811193,0.9894151005098122,27304.0
weighted avg,0.9916457666948383,0.9915030764723117,0.9915282423916602,27304.0
