,precision,recall,f1-score,support
0,0.9736050011576753,0.9790454016298021,0.9763176224750406,4295.0
1,0.9962286621675268,0.9938613861386139,0.9950436161776368,10100.0
2,0.9845470692717584,0.9958677685950413,0.9901750625223295,5566.0
3,1.0,1.0,1.0,6996.0
4,0.9942334739803094,0.9853638137719543,0.9897787734528143,7174.0
accuracy,0.9917963142011661,0.9917963142011661,0.9917963142011661,0.9917963142011661
macro avg,0.989722841315454,0.9908276740270823,0.9902630149255642,34131.0
weighted avg,0.9918303858007554,0.9917963142011661,0.9918025264619907,34131.0
