,precision,recall,f1-score,support
0,0.9993018384919712,0.99976717112922,0.999534450651769,4295.0
1,1.0,0.9998019801980198,0.9999009802950787,10100.0
2,1.0,1.0,1.0,5566.0
3,1.0,1.0,1.0,6996.0
4,0.9995818232506273,0.9995818232506273,0.9995818232506273,7174.0
accuracy,0.9998242067328821,0.9998242067328821,0.9998242067328821,0.9998242067328821
macro avg,0.9997767323485196,0.9998301949155735,0.999803450839495,34131.0
weighted avg,0.9998242476435796,0.9998242067328821,0.9998242174717893,34131.0
