,precision,recall,f1-score,support
0,1.0,0.9891968060122123,0.99456906729634,2129.0
1,1.0,1.0,1.0,4964.0
2,1.0,1.0,1.0,5611.0
3,1.0,1.0,1.0,3611.0
4,0.9936252771618626,1.0,0.9968024468233004,3585.0
accuracy,0.9988442211055276,0.9988442211055276,0.9988442211055276,0.9988442211055276
macro avg,0.9987250554323726,0.9978393612024424,0.998274302823928,19900.0
weighted avg,0.9988515888756421,0.9988442211055276,0.9988429304590672,19900.0
