,precision,recall,f1-score,support
0,0.9982588508415554,1.0,0.9991286668602962,1720.0
1,1.0,1.0,1.0,3982.0
2,1.0,1.0,1.0,4486.0
3,1.0,1.0,1.0,2824.0
4,1.0,0.9989683631361761,0.9994839153621193,2908.0
accuracy,0.9998115577889447,0.9998115577889447,0.9998115577889447,0.9998115577889447
macro avg,0.9996517701683111,0.9997936726272352,0.9997225164444832,15920.0
weighted avg,0.9998118858949419,0.9998115577889447,0.9998115912608513,15920.0
