,precision,recall,f1-score,support
0,0.9995289684408856,0.9967120713950212,0.9981185324553151,2129.0
1,1.0,1.0,1.0,4964.0
2,1.0,1.0,1.0,5611.0
3,1.0,1.0,1.0,3611.0
4,0.9980506822612085,0.999721059972106,0.9988851727982163,3585.0
accuracy,0.9995979899497487,0.9995979899497487,0.9995979899497487,0.9995979899497487
macro avg,0.9995159301404188,0.9992866262734253,0.9994007410507063,19900.0
weighted avg,0.9995984356641748,0.9995979899497487,0.9995978743758278,19900.0
