,precision,recall,f1-score,support
0,0.9994141769185706,0.9918604651162791,0.9956229938721914,1720.0
1,0.9989957318604067,0.9994976136649083,0.9992466097438473,3981.0
2,1.0,1.0,1.0,4487.0
3,1.0,1.0,1.0,2823.0
4,0.9955479452054794,0.9993124785149536,0.9974266598044261,2909.0
accuracy,0.9988693467336683,0.9988693467336683,0.9988693467336683,0.9988693467336683
macro avg,0.9987915707968913,0.9981341114592283,0.998459252684093,15920.0
weighted avg,0.998872070693402,0.9988693467336683,0.9988684959938129,15920.0
