,precision,recall,f1-score,support
0,1.0,0.9912790697674418,0.9956204379562044,1720.0
1,0.9997488699146158,1.0,0.999874419188748,3981.0
2,1.0,1.0,1.0,4487.0
3,1.0,1.0,1.0,2823.0
4,0.9948682860075265,0.9996562392574768,0.9972565157750343,2909.0
accuracy,0.9989949748743718,0.9989949748743718,0.9989949748743718,0.9989949748743718
macro avg,0.9989234311844285,0.9981870618049837,0.9985502745839974,15920.0
weighted avg,0.9989995034626872,0.9989949748743718,0.9989941218884832,15920.0
