,precision,recall,f1-score,support
0,1.0,0.9882573978393612,0.9940940231514293,2129.0
1,1.0,0.999597099113618,0.999798508966351,4964.0
2,1.0,1.0,1.0,5611.0
3,1.0,1.0,1.0,3611.0
4,0.9925249169435216,1.0,0.9962484368486869,3585.0
accuracy,0.998643216080402,0.998643216080402,0.998643216080402,0.998643216080402
macro avg,0.9985049833887043,0.9975708993905957,0.9980281937932934,19900.0
weighted avg,0.9986533581528908,0.998643216080402,0.9986420412010504,19900.0
