,precision,recall,f1-score,support
0,1.0,0.973696571160169,0.9866730128510233,2129.0
1,0.9928,1.0,0.9963869931754316,4964.0
2,0.9998216833095578,0.9992871145963287,0.9995543274801676,5611.0
3,1.0,1.0,1.0,3611.0
4,0.9936252771618626,1.0,0.9968024468233004,3585.0
accuracy,0.9969849246231156,0.9969849246231156,0.9969849246231156,0.9969849246231156
macro avg,0.997249392094284,0.9945967371512996,0.9958833560659845,19900.0
weighted avg,0.997005290636945,0.9969849246231156,0.9969712553686142,19900.0
