,precision,recall,f1-score,support
0,1.0,0.9896665100986378,0.9948064211520302,2129.0
1,1.0,1.0,1.0,4964.0
2,1.0,1.0,1.0,5611.0
3,1.0,1.0,1.0,3611.0
4,0.9939007485444968,1.0,0.9969410456062291,3585.0
accuracy,0.9988944723618091,0.9988944723618091,0.9988944723618091,0.9988944723618091
macro avg,0.9987801497088993,0.9979333020197275,0.9983494933516518,19900.0
weighted avg,0.9989012152528653,0.9988944723618091,0.9988932924186434,19900.0
