,precision,recall,f1-score,support
0,1.0,0.9967120713950212,0.998353328628558,2129.0
1,0.999798549556809,0.999798549556809,0.999798549556809,4964.0
2,1.0,1.0,1.0,5611.0
3,1.0,1.0,1.0,3611.0
4,0.9980512249443207,1.0,0.9990246621150899,3585.0
accuracy,0.9995979899497487,0.9995979899497487,0.9995979899497487,0.9995979899497487
macro avg,0.999569954900226,0.999302124190366,0.9994353080600915,19900.0
weighted avg,0.9995986754485121,0.9995979899497487,0.9995978718760199,19900.0
