,precision,recall,f1-score,support
0,0.9995244888254874,0.9873179896665101,0.9933837429111532,2129.0
1,0.9991941982272361,0.9991941982272361,0.9991941982272361,4964.0
2,1.0,1.0,1.0,5611.0
3,1.0,1.0,1.0,3611.0
4,0.9927997784547217,1.0,0.9963868816008894,3585.0
accuracy,0.9984422110552764,0.9984422110552764,0.9984422110552764,0.9984422110552764
macro avg,0.998303693101489,0.9973024375787493,0.9977929645478557,19900.0
weighted avg,0.9984509971090271,0.9984422110552764,0.998440249205881,19900.0
