,precision,recall,f1-score,support
0,0.9990480723465016,0.9859088774072334,0.992434988179669,2129.0
1,0.9981894990947495,0.999597099113618,0.9988928032209361,4964.0
2,0.9989310529128808,0.9992871145963287,0.9991090520313614,5611.0
3,1.0,1.0,1.0,3611.0
4,0.9936182019977803,0.998884239888424,0.9962442620670469,3585.0
accuracy,0.9979899497487437,0.9979899497487437,0.9979899497487437,0.9979899497487437
macro avg,0.9979573652703824,0.9967354662011209,0.9973362210998026,19900.0
weighted avg,0.9979954478185052,0.9979899497487437,0.9979866600744509,19900.0
