,precision,recall,f1-score,support
0,1.0,0.9891968060122123,0.99456906729634,2129.0
1,1.0,1.0,1.0,4964.0
2,1.0,0.9992871145963287,0.999643430201462,5611.0
3,1.0,1.0,1.0,3611.0
4,0.9925249169435216,1.0,0.9962484368486869,3585.0
accuracy,0.998643216080402,0.998643216080402,0.998643216080402,0.998643216080402
macro avg,0.9985049833887043,0.9976967841217081,0.9980921868692978,19900.0
weighted avg,0.9986533581528908,0.998643216080402,0.9986425867958217,19900.0
