,precision,recall,f1-score,support
0,1.0,0.9910756223579145,0.995517810804435,2129.0
1,1.0,1.0,1.0,4964.0
2,1.0,1.0,1.0,5611.0
3,1.0,1.0,1.0,3611.0
4,0.9947280799112098,1.0,0.9973570733064404,3585.0
accuracy,0.9990452261306533,0.9990452261306533,0.9990452261306533,0.9990452261306533
macro avg,0.9989456159822419,0.998215124471583,0.9985749768221751,19900.0
weighted avg,0.9990502596221953,0.9990452261306533,0.9990443480907653,19900.0
