,precision,recall,f1-score,support
0,0.9988310929281122,0.9936046511627907,0.9962110171961527,1720.0
1,0.9994977398292315,0.9997488068324542,0.9996232575662439,3981.0
2,0.9997770345596433,0.9993314018275017,0.9995541685242978,4487.0
3,1.0,1.0,1.0,2823.0
4,0.9952038369304557,0.9986249570299072,0.9969114619080301,2909.0
accuracy,0.9988065326633165,0.9988065326633165,0.9988065326633165,0.9988065326633165
macro avg,0.9986619408494886,0.9982619633705306,0.998459981038945,15920.0
weighted avg,0.998808888052534,0.9988065326633165,0.9988064155029888,15920.0
