,precision,recall,f1-score,support
0,1.0,0.9990605918271489,0.9995300751879699,2129.0
1,1.0,1.0,1.0,4964.0
2,1.0,1.0,1.0,5611.0
3,1.0,1.0,1.0,3611.0
4,0.9994424310008364,1.0,0.9997211377579476,3585.0
accuracy,0.9998994974874372,0.9998994974874372,0.9998994974874372,0.9998994974874372
macro avg,0.9998884862001672,0.9998121183654298,0.9998502425891834,19900.0
weighted avg,0.9998995535245225,0.9998994974874372,0.9998994878863029,19900.0
