,precision,recall,f1-score,support
0,0.9571428571428572,0.9755753875058712,0.9662712258664806,2129.0
1,0.989041641761307,1.0,0.9944906340779325,4964.0
2,0.9998216833095578,0.9992871145963287,0.9995543274801676,5611.0
3,1.0,1.0,1.0,3611.0
4,1.0,0.9740585774058578,0.986858838490886,3585.0
accuracy,0.9925125628140703,0.9925125628140703,0.9925125628140703,0.9925125628140703
macro avg,0.9892012364427444,0.9897842159016115,0.9894350051830934,19900.0
weighted avg,0.9926311214879497,0.9925125628140703,0.9925241816539518,19900.0
