,precision,recall,f1-score,support
0,0.9990512333965844,0.9891968060122123,0.9940995987727166,2129.0
1,1.0,0.999597099113618,0.999798508966351,4964.0
2,0.9978659078783567,1.0,0.9989318141356596,5611.0
3,1.0,1.0,1.0,3611.0
4,0.9947163515016685,0.997768479776848,0.9962400779835677,3585.0
accuracy,0.9983417085427135,0.9983417085427135,0.9983417085427135,0.9983417085427135
macro avg,0.9983266985553219,0.9973124769805357,0.9978139999716589,19900.0
weighted avg,0.9983449148311694,0.9983417085427135,0.9983399463810231,19900.0
