,precision,recall,f1-score,support
0,0.9988324576765908,0.9947674418604651,0.9967958054180017,1720.0
1,1.0,1.0,1.0,3981.0
2,1.0,1.0,1.0,4487.0
3,1.0,1.0,1.0,2823.0
4,0.9969135802469136,0.9993124785149536,0.9981115879828326,2909.0
accuracy,0.9993090452261306,0.9993090452261306,0.9993090452261306,0.9993090452261306
macro avg,0.9991492075847009,0.9988159840750838,0.9989814786801668,15920.0
weighted avg,0.9993098889536437,0.9993090452261306,0.9993087559523256,15920.0
