,precision,recall,f1-score,support
0,0.999529854254819,0.9985908877407234,0.9990601503759399,2129.0
1,1.0,0.999798549556809,0.9998992646318122,4964.0
2,1.0,1.0,1.0,5611.0
3,1.0,1.0,1.0,3611.0
4,0.9988851727982163,0.999721059972106,0.9993029415865049,3585.0
accuracy,0.999748743718593,0.999748743718593,0.999748743718593,0.999748743718593
macro avg,0.999683005410607,0.9996220994539277,0.9996524713188514,19900.0
weighted avg,0.9997488645321665,0.999748743718593,0.9997487465010207,19900.0
