,precision,recall,f1-score,support
0,0.9486745628877609,0.977906976744186,0.9630689951331234,1720.0
1,0.9895600298284862,1.0,0.9947526236881559,3981.0
2,0.9997769848349688,0.9991085357700022,0.9994426485341656,4487.0
3,1.0,1.0,1.0,2823.0
4,1.0,0.9683740116878653,0.9839329374781698,2909.0
accuracy,0.9915829145728643,0.9915829145728643,0.9915829145728643,0.9915829145728643
macro avg,0.9876023155102432,0.9890779048404108,0.988239440966723,15920.0
weighted avg,0.9917812850420011,0.9915829145728643,0.9916048332681103,15920.0
