,precision,recall,f1-score,support
0,0.9995278564683664,0.9943635509628934,0.9969390157758418,2129.0
1,1.0,1.0,1.0,4964.0
2,1.0,1.0,1.0,5611.0
3,1.0,1.0,1.0,3611.0
4,0.996662958843159,0.999721059972106,0.9981896671772733,3585.0
accuracy,0.9993467336683417,0.9993467336683417,0.9993467336683417,0.9993467336683417
macro avg,0.9992381630623051,0.9988169221869999,0.999025736590623,19900.0
weighted avg,0.9993483172800943,0.9993467336683417,0.9993463880109191,19900.0
