,precision,recall,f1-score,support
0,0.9465181058495822,0.9877906976744186,0.9667140825035562,1720.0
1,0.9940074906367041,1.0,0.9969947407963937,3981.0
2,0.9997769350881106,0.9988856697125028,0.9993311036789297,4487.0
3,1.0,1.0,1.0,2823.0
4,0.9996446339729922,0.9669989687177725,0.9830508474576272,2909.0
accuracy,0.9923366834170855,0.9923366834170855,0.9923366834170855,0.9923366834170855
macro avg,0.9879894331094778,0.9907350672209387,0.9892181548873014,15920.0
weighted avg,0.992595496875238,0.9923366834170855,0.9923666999044066,15920.0
