,precision,recall,f1-score,support
0,0.9990539262062441,0.9920150305307656,0.9955220362950742,2129.0
1,1.0,0.999597099113618,0.999798508966351,4964.0
2,1.0,1.0,1.0,5611.0
3,1.0,1.0,1.0,3611.0
4,0.9952803997779012,1.0,0.9976346180603868,3585.0
accuracy,0.9990452261306533,0.9990452261306533,0.9990452261306533,0.9990452261306533
macro avg,0.998866865196829,0.9983224259288768,0.9985910326643624,19900.0
weighted avg,0.9990485448289885,0.9990452261306533,0.999044538669732,19900.0
