,precision,recall,f1-score,support
0,0.9994186046511628,0.9994186046511628,0.9994186046511628,1720.0
1,0.9997488068324542,0.9997488068324542,0.9997488068324542,3981.0
2,1.0,1.0,1.0,4487.0
3,1.0,1.0,1.0,2823.0
4,0.9996562392574768,0.9996562392574768,0.9996562392574768,2909.0
accuracy,0.9998115577889447,0.9998115577889447,0.9998115577889447,0.9998115577889447
macro avg,0.9997647301482188,0.9997647301482188,0.9997647301482188,15920.0
weighted avg,0.9998115577889447,0.9998115577889447,0.9998115577889447,15920.0
