,precision,recall,f1-score,support
0,0.9990605918271489,0.9990605918271489,0.9990605918271489,2129.0
1,1.0,1.0,1.0,4964.0
2,1.0,1.0,1.0,5611.0
3,1.0,1.0,1.0,3611.0
4,0.999442119944212,0.999442119944212,0.999442119944212,3585.0
accuracy,0.9997989949748743,0.9997989949748743,0.9997989949748743,0.9997989949748743
macro avg,0.9997005423542722,0.9997005423542722,0.9997005423542722,19900.0
weighted avg,0.9997989949748743,0.9997989949748743,0.9997989949748743,19900.0
