,precision,recall,f1-score,support
0,1.0,0.9896665100986378,0.9948064211520302,2129.0
1,0.9987920273807127,0.9993956486704271,0.9990937468532877,4964.0
2,1.0,1.0,1.0,5611.0
3,1.0,1.0,1.0,3611.0
4,0.9944506104328524,0.999721059972106,0.997078870496592,3585.0
accuracy,0.9986934673366834,0.9986934673366834,0.9986934673366834,0.9986934673366834
macro avg,0.998648527562713,0.9977566437482341,0.9981958077003821,19900.0
weighted avg,0.9986989478552581,0.9986934673366834,0.9986920593338027,19900.0
