,precision,recall,f1-score,support
0,1.0,0.9988372093023256,0.9994182664339732,1720.0
1,1.0,1.0,1.0,3981.0
2,1.0,1.0,1.0,4487.0
3,1.0,1.0,1.0,2823.0
4,0.9993129508759876,1.0,0.9996563573883162,2909.0
accuracy,0.9998743718592965,0.9998743718592965,0.9998743718592965,0.9998743718592965
macro avg,0.9998625901751975,0.9997674418604652,0.9998149247644579,15920.0
weighted avg,0.9998744581720005,0.9998743718592965,0.9998743569038345,15920.0
