,precision,recall,f1-score,support
0,1.0,0.9941860465116279,0.9970845481049563,1720.0
1,1.0,1.0,1.0,3981.0
2,1.0,1.0,1.0,4487.0
3,1.0,1.0,1.0,2823.0
4,0.9965741692360397,1.0,0.9982841455044612,2909.0
accuracy,0.9993718592964824,0.9993718592964824,0.9993718592964824,0.9993718592964824
macro avg,0.9993148338472079,0.9988372093023254,0.9990737387218834,15920.0
weighted avg,0.9993740112002286,0.9993718592964824,0.9993714825385052,15920.0
