,precision,recall,f1-score,support
0,1.0,0.9920150305307656,0.9959915114359821,2129.0
1,1.0,1.0,1.0,4964.0
2,1.0,1.0,1.0,5611.0
3,1.0,1.0,1.0,3611.0
4,0.9952803997779012,1.0,0.9976346180603868,3585.0
accuracy,0.999145728643216,0.999145728643216,0.999145728643216,0.999145728643216
macro avg,0.9990560799555801,0.9984030061061532,0.9987252258992738,19900.0
weighted avg,0.9991497604625013,0.999145728643216,0.9991450268137535,19900.0
