,precision,recall,f1-score,support
0,0.9994158878504673,0.9947674418604651,0.997086247086247,1720.0
1,1.0,1.0,1.0,3981.0
2,1.0,1.0,1.0,4487.0
3,1.0,1.0,1.0,2823.0
4,0.9969146383270483,0.9996562392574768,0.9982835564709921,2909.0
accuracy,0.9993718592964824,0.9993718592964824,0.9993718592964824,0.9993718592964824
macro avg,0.9992661052355031,0.9988847362235884,0.9990739607114477,15920.0
weighted avg,0.9993731162057906,0.9993718592964824,0.9993715584649787,15920.0
