,precision,recall,f1-score,support
0,0.9574175824175825,0.982151244715829,0.9696267099466729,2129.0
1,0.9918081918081918,1.0,0.9958872504764771,4964.0
2,0.9998216833095578,0.9992871145963287,0.9995543274801676,5611.0
3,1.0,1.0,1.0,3611.0
4,1.0,0.9740585774058578,0.986858838490886,3585.0
accuracy,0.99321608040201,0.99321608040201,0.99321608040201,0.99321608040201
macro avg,0.9898094915070665,0.991099387343603,0.9903854252788408,19900.0
weighted avg,0.9933506212137099,0.99321608040201,0.9932315499659672,19900.0
