,precision,recall,f1-score,support
0,0.7011749867233139,1.0,0.8243419897371861,21125.0
1,0.9880385695105578,0.9964303298867553,0.9922167065024208,8124.0
2,1.0,0.9993315508021391,0.9996656636576395,4488.0
3,0.997040212288222,0.9903690186536902,0.993693418777337,9864.0
4,1.0,0.10086887046839109,0.18325319785902205,10013.0
accuracy,0.8297086581862946,0.8297086581862946,0.8297086581862946,0.8297086581862946
macro avg,0.9372507537044188,0.8173999539621951,0.7986341953067211,53614.0
weighted avg,0.8798998691991794,0.8297086581862946,0.7758831407524386,53614.0
