,precision,recall,f1-score,support
0,0.696970502258836,0.9999618728076864,0.8214162673431676,26228.0
1,0.9875928096912857,0.9969428007889546,0.9922457793482529,10140.0
2,1.0,0.99982397465235,0.9999119795792624,5681.0
3,0.9974685611628287,0.9898703403565641,0.9936549255673961,12340.0
4,1.0,0.09700665188470066,0.17685699848408287,12628.0
accuracy,0.8274915319993434,0.8274915319993434,0.8274915319993434,0.8274915319993434
macro avg,0.93640637462259,0.8167211280980512,0.7968171900644323,67017.0
weighted avg,0.8790619614167106,0.8274915319993434,0.7726551468555193,67017.0
