,precision,recall,f1-score,support
0,0.9021931976897815,0.9112398962940369,0.9066939812970656,26228.0
1,1.0,1.0,1.0,10140.0
2,0.9998240056318198,1.0,0.999911995071724,5681.0
3,1.0,1.0,1.0,12340.0
4,0.811792300226464,0.7948210326259106,0.8032170294494239,12628.0
accuracy,0.9266007132518614,0.9266007132518614,0.9266007132518614,0.9266007132518614
macro avg,0.942761900709613,0.9412121857839896,0.9419646011636427,67017.0
weighted avg,0.9262431402817457,0.9266007132518614,0.9263962044458753,67017.0
