,precision,recall,f1-score,support
0,0.8599671661601872,0.9386914747597986,0.8976065041836047,26228.0
1,0.9999013903954245,1.0,0.9999506927666288,10140.0
2,0.99982397465235,0.99982397465235,0.99982397465235,5681.0
3,1.0,1.0,1.0,12340.0
4,0.8428515548601604,0.682530883750396,0.7542662116040956,12628.0
accuracy,0.9161705238969217,0.9161705238969217,0.9161705238969217,0.9161705238969217
macro avg,0.9405088172136244,0.9242092666325089,0.9303294766413359,67017.0
weighted avg,0.9155549840702076,0.9161705238969217,0.9136009838774897,67017.0
