,precision,recall,f1-score,support
0,0.6642836025479076,0.9423516852219003,0.7792543548514227,26228.0
1,0.9875928096912857,0.9969428007889546,0.9922457793482529,10140.0
2,1.0,0.99982397465235,0.9999119795792624,5681.0
3,0.7704764646610047,0.8675040518638574,0.8161164900510788,12340.0
4,0.0,0.0,0.0,12628.0
accuracy,0.7641344733425847,0.7641344733425847,0.7641344733425847,0.7641344733425847
macro avg,0.6844705753800396,0.7613245025054125,0.7175057207660034,67017.0
weighted avg,0.6360431083428527,0.7641344733425847,0.6901388135078339,67017.0
