,precision,recall,f1-score,support
0,1.0,0.08606324559742473,0.15848661842908204,21124.0
1,1.0,0.49895384615384614,0.6657361031283356,8125.0
2,1.0,0.9997771339425006,0.9998885545525465,4487.0
3,0.28215910066077404,1.0,0.4401311826517636,9864.0
4,0.24120057859209257,0.19984020772995106,0.21858102572505325,10013.0
accuracy,0.4145076753772406,0.4145076753772406,0.4145076753772406,0.4145076753772406
macro avg,0.7046719358505733,0.5569268866847445,0.4965646968973562,53613.0
weighted avg,0.7262111570395333,0.4145076753772406,0.3688206760702234,53613.0
