,precision,recall,f1-score,support
0,0.972140594588406,0.9712139698032637,0.9716770612805401,26228.0
1,1.0,1.0,1.0,10140.0
2,0.9998240056318198,1.0,0.999911995071724,5681.0
3,1.0,1.0,1.0,12340.0
4,0.9404046791021182,0.9421919543870764,0.9412974683544304,12628.0
accuracy,0.9778414432159005,0.9778414432159005,0.9778414432159005,0.9778414432159005
macro avg,0.9824738558644688,0.9826811848380681,0.9825773049413389,67017.0
weighted avg,0.9778523953408931,0.9778414432159005,0.9778466723017774,67017.0
