,precision,recall,f1-score,support
0,0.9995674740484429,0.0881119414366326,0.161948142957253,26228.0
1,0.9998005186515061,0.4942800788954635,0.6615191711212302,10140.0
2,0.99982397465235,0.99982397465235,0.99982397465235,5681.0
3,0.28331994030536106,1.0,0.4415421772967171,12340.0
4,0.2393840856924254,0.19821032625910676,0.21686016288338242,12628.0
accuracy,0.4155065132727517,0.4155065132727517,0.4155065132727517,0.4155065132727517
macro avg,0.7043791986700171,0.5560852642487106,0.4963387257821865,67017.0
weighted avg,0.7244989072319103,0.4155065132727517,0.370391406559305,67017.0
