,precision,recall,f1-score,support
0,0.7003746560127316,1.0,0.8237886321536512,21124.0
1,0.9824199806013579,0.9972923076923077,0.9898002809503451,8125.0
2,1.0,1.0,1.0,4487.0
3,0.997741504978955,0.9853000811030008,0.9914817648559041,9864.0
4,1.0,0.09747328472985119,0.17763217763217765,10013.0
accuracy,0.8283252196295675,0.8283252196295675,0.8283252196295675,0.8283252196295675
macro avg,0.9361072283186089,0.8160131347050321,0.7965405711184156,53613.0
weighted avg,0.8788651778693859,0.8283252196295675,0.7738691263593701,53613.0
