,precision,recall,f1-score,support
0,0.6688322234854637,0.9420466676833918,0.7822700649042267,26228.0
1,0.9783574879227053,0.9986193293885601,0.9883845778428502,10140.0
2,1.0,0.99982397465235,0.9999119795792624,5681.0
3,0.7711641153435387,0.8777147487844409,0.820996778472617,12340.0
4,0.0,0.0,0.0,12628.0
accuracy,0.7661488875956847,0.7661488875956847,0.7661488875956847,0.7661488875956847
macro avg,0.6836707653503415,0.7636409441017485,0.7183126801597913,67017.0
weighted avg,0.636552541421613,0.7661488875956847,0.6916334524669329,67017.0
