,precision,recall,f1-score,support
0,0.9530897609382047,0.9839348079161816,0.968266697216176,4295.0
1,0.9951662227483477,0.9988118811881188,0.9969857192271582,10100.0
2,0.9964048175444904,0.9958677685950413,0.9961362206846976,5566.0
3,1.0,0.9997141223556318,0.9998570407433881,6996.0
4,0.9997144081108097,0.9758851407861723,0.987656062636665,7174.0
accuracy,0.9918256130790191,0.9918256130790191,0.9918256130790191,0.9918256130790191
macro avg,0.9888750418683705,0.9908427441682293,0.9897803481016169,34131.0
weighted avg,0.9920201503392073,0.9918256130790191,0.9918607683180973,34131.0
