,precision,recall,f1-score,support
0,0.9511851015801355,0.9810826542491269,0.9659025787965616,3436.0
1,0.993503248375812,0.9989949748743718,0.9962415434728138,7960.0
2,0.9971001561454383,0.9962112770225094,0.9966555183946488,4487.0
3,1.0,0.9996457669146298,0.999822852081488,5646.0
4,0.9996446971042814,0.9743722943722943,0.9868467204489653,5775.0
accuracy,0.991210079109288,0.991210079109288,0.991210079109288,0.991210079109288
macro avg,0.9882866406411335,0.9900613934865865,0.9890938426388954,27304.0
weighted avg,0.9914113094236235,0.991210079109288,0.9912451249366477,27304.0
