,precision,recall,f1-score,support
0,0.9656652360515021,0.9819610125109107,0.9737449509521062,3437.0
1,0.9953435690913667,0.9937178037441889,0.9945300220056585,7959.0
2,0.983956043956044,0.9977713394250056,0.9908155361292464,4487.0
3,1.0,1.0,1.0,5647.0
4,0.99858806918461,0.9799099411153447,0.9891608391608392,5774.0
accuracy,0.991283328450044,0.991283328450044,0.991283328450044,0.991283328450044
macro avg,0.9887105836567045,0.99067201935909,0.98965026964957,27304.0
weighted avg,0.9913854806405621,0.991283328450044,0.9912990711065061,27304.0
