,precision,recall,f1-score,support
0,0.9994177583697235,0.9991268917345751,0.9992723038858973,3436.0
1,1.0,1.0,1.0,7960.0
2,1.0,1.0,1.0,4487.0
3,1.0,1.0,1.0,5646.0
4,0.9994806094182825,0.9996536796536797,0.9995671370444117,5775.0
accuracy,0.9998168766481101,0.9998168766481101,0.9998168766481101,0.9998168766481101
macro avg,0.9997796735576012,0.999756114277651,0.9997678881860619,27304.0
weighted avg,0.9998168743462114,0.9998168766481101,0.9998168712490266,27304.0
