,precision,recall,f1-score,support
0,0.9587114337568058,0.9839348079161816,0.9711593703320694,4295.0
1,0.9960266216350452,0.9927722772277228,0.9943967868299698,10100.0
2,0.9812356169233493,0.9958677685950413,0.9884975479268836,5566.0
3,1.0,1.0,1.0,6996.0
4,0.9984310369419483,0.9757457485363814,0.986958054282693,7174.0
accuracy,0.9900676804078404,0.9900676804078404,0.9900676804078404,0.9900676804078404
macro avg,0.9868809418514297,0.9896641204550655,0.9882023518743231,34131.0
weighted avg,0.9902386742057466,0.9900676804078404,0.990095557579444,34131.0
