,precision,recall,f1-score,support
0,0.9990684676292502,0.9988358556461001,0.9989521480964024,4295.0
1,1.0,0.9998019801980198,0.9999009802950787,10100.0
2,1.0,1.0,1.0,5566.0
3,1.0,1.0,1.0,6996.0
4,0.9990246621150899,0.9994424310008364,0.9992335028917846,7174.0
accuracy,0.9996777123436172,0.9996777123436172,0.9996777123436172,0.9996777123436172
macro avg,0.9996186259488681,0.9996160533689912,0.9996173262566531,34131.0
weighted avg,0.9996777707796809,0.9996777123436172,0.9996777277782664,34131.0
