,precision,recall,f1-score,support
0,0.9733812949640288,0.9450523864959255,0.959007678676905,4295.0
1,0.9835234474017744,0.9988118811881188,0.9911087095348038,10100.0
2,0.9884485516260885,0.9992813510600072,0.9938354328598231,5566.0
3,0.9998570816064027,1.0,0.9999285356964196,6996.0
4,0.9980225988700565,0.9849456370225815,0.9914409990178196,7174.0
accuracy,0.9894524039729279,0.9894524039729279,0.9894524039729279,0.9894524039729279
macro avg,0.9886465948936701,0.9856182511533266,0.9870642711571541,34131.0
weighted avg,0.9894459109370195,0.9894524039729279,0.9893915129413903,34131.0
