,precision,recall,f1-score,support
0,0.9993013507219376,0.9990686845168801,0.9991850040749797,4295.0
1,1.0,1.0,1.0,10100.0
2,1.0,1.0,1.0,5566.0
3,1.0,1.0,1.0,6996.0
4,0.9994425087108014,0.9995818232506273,0.9995121611262109,7174.0
accuracy,0.9997949078550291,0.9997949078550291,0.9997949078550291,0.9997949078550291
macro avg,0.9997487718865479,0.9997301015535015,0.999739433040238,34131.0
weighted avg,0.9997949037192585,0.9997949078550291,0.999794903062362,34131.0
