,precision,recall,f1-score,support
0,0.9976348155156102,0.9820721769499418,0.9897923266455474,4295.0
1,1.0,0.9995049504950495,0.9997524139638524,10100.0
2,0.9958825635517364,0.9994610132950054,0.9976685796269728,5566.0
3,1.0,1.0,1.0,6996.0
4,0.9918350401328536,0.9990242542514636,0.9954166666666666,7174.0
accuracy,0.997304503237526,0.997304503237526,0.997304503237526,0.997304503237526
macro avg,0.9970704838400402,0.996012478998292,0.9965259973806079,34131.0
weighted avg,0.9973147127034544,0.997304503237526,0.9972986406741066,34131.0
