,precision,recall,f1-score,support
0,0.9985935302390999,0.9918509895227008,0.9952108398551571,4295.0
1,1.0,1.0,1.0,10100.0
2,0.9998203700377223,1.0,0.9999101769514057,5566.0
3,1.0,1.0,1.0,6996.0
4,0.9951402388225493,0.9990242542514636,0.9970784641068448,7174.0
accuracy,0.9987694471301749,0.9987694471301749,0.9987694471301749,0.9987694471301749
macro avg,0.9987108278198743,0.9981750487548329,0.9984398961826816,34131.0
weighted avg,0.9987722441569208,0.9987694471301749,0.9987686122173955,34131.0
