,precision,recall,f1-score,support
0,0.9995294117647059,0.9976514795678723,0.998589562764457,2129.0
1,1.0,0.999798549556809,0.9998992646318122,4964.0
2,0.9996436843042936,1.0,0.9998218104062723,5611.0
3,1.0,1.0,1.0,3611.0
4,0.9988851727982163,0.999721059972106,0.9993029415865049,3585.0
accuracy,0.9996482412060301,0.9996482412060301,0.9996482412060301,0.9996482412060301
macro avg,0.9996116537734432,0.9994342178193574,0.9995227158778093,19900.0
weighted avg,0.999648350490455,0.9996482412060301,0.9996481584188471,19900.0
