,precision,recall,f1-score,support
0,0.9572020248504371,0.976984499765148,0.9669920966992097,2129.0
1,0.9896331738437002,1.0,0.9947895791583167,4964.0
2,0.9998216833095578,0.9992871145963287,0.9995543274801676,5611.0
3,1.0,1.0,1.0,3611.0
4,1.0,0.9740585774058578,0.986858838490886,3585.0
accuracy,0.9926633165829146,0.9926633165829146,0.9926633165829146,0.9926633165829146
macro avg,0.989331376400739,0.990066038353467,0.9896389683657161,19900.0
weighted avg,0.9927850075837505,0.9926633165829146,0.9926758749897261,19900.0
