,precision,recall,f1-score,support
0,0.999056158565361,0.9943635509628934,0.9967043314500942,2129.0
1,1.0,0.999597099113618,0.999798508966351,4964.0
2,0.9973338073231426,1.0,0.9986651241434547,5611.0
3,1.0,1.0,1.0,3611.0
4,0.996929089893914,0.996094839609484,0.9965117901492954,3585.0
accuracy,0.9985929648241206,0.9985929648241206,0.9985929648241206,0.9985929648241206
macro avg,0.9986638111564835,0.998011097937199,0.998335950941839,19900.0
weighted avg,0.9985940372736426,0.9985929648241206,0.9985923668050434,19900.0
