,precision,recall,f1-score,support
0,0.9990557129367328,0.9938938468764679,0.9964680951259712,2129.0
1,1.0,1.0,1.0,4964.0
2,1.0,1.0,1.0,5611.0
3,1.0,1.0,1.0,3611.0
4,0.996384872080089,0.999442119944212,0.9979111544353154,3585.0
accuracy,0.9992462311557789,0.9992462311557789,0.9992462311557789,0.9992462311557789
macro avg,0.9990881170033644,0.9986671933641359,0.9988758499122573,19900.0
weighted avg,0.999247707499971,0.9992462311557789,0.9992458323202914,19900.0
