,precision,recall,f1-score,support
0,1.0,0.994833255049319,0.9974099364257123,2129.0
1,1.0,1.0,1.0,4964.0
2,1.0,0.9992871145963287,0.999643430201462,5611.0
3,1.0,1.0,1.0,3611.0
4,0.9958333333333333,1.0,0.9979123173277662,3585.0
accuracy,0.9992462311557789,0.9992462311557789,0.9992462311557789,0.9992462311557789
macro avg,0.9991666666666668,0.9988240739291296,0.9989931367909881,19900.0
weighted avg,0.9992493718592965,0.9992462311557789,0.9992462662879792,19900.0
