,precision,recall,f1-score,support
0,1.0,0.9924847346171912,0.9962281942479962,2129.0
1,0.9985912658482592,0.999597099113618,0.9990939293264874,4964.0
2,0.9989310529128808,0.9992871145963287,0.9991090520313614,5611.0
3,1.0,1.0,1.0,3611.0
4,0.9955481357818586,0.998047419804742,0.9967962111714723,3585.0
accuracy,0.9985427135678392,0.9985427135678392,0.9985427135678392,0.9985427135678392
macro avg,0.9986140909085999,0.997883273626376,0.9982454773554634,19900.0
weighted avg,0.9985451883589396,0.9985427135678392,0.9985420803381088,19900.0
