,precision,recall,f1-score,support
0,0.9988378849506101,0.9994186046511628,0.999128160418483,1720.0
1,1.0,1.0,1.0,3981.0
2,1.0,1.0,1.0,4487.0
3,1.0,1.0,1.0,2823.0
4,0.999656121045392,0.9993124785149536,0.999484270242393,2909.0
accuracy,0.9998115577889447,0.9998115577889447,0.9998115577889447,0.9998115577889447
macro avg,0.9996988011992004,0.9997462166332234,0.9997224861321751,15920.0
weighted avg,0.9998116091856843,0.9998115577889447,0.9998115689732986,15920.0
