,precision,recall,f1-score,support
0,0.9994155464640561,0.9941860465116279,0.9967939376275139,1720.0
1,1.0,1.0,1.0,3981.0
2,1.0,1.0,1.0,4487.0
3,1.0,1.0,1.0,2823.0
4,0.9965729952021933,0.9996562392574768,0.9981122361420971,2909.0
accuracy,0.9993090452261306,0.9993090452261306,0.9993090452261306,0.9993090452261306
macro avg,0.9991977083332498,0.998768457153821,0.9989812347539221,15920.0
weighted avg,0.9993106521960651,0.9993090452261306,0.9993086725915002,15920.0
