,precision,recall,f1-score,support
0,0.9574759945130316,0.9835603569751057,0.9703429101019463,2129.0
1,0.9924030387844862,1.0,0.9961870359221353,4964.0
2,0.9998216833095578,0.9992871145963287,0.9995543274801676,5611.0
3,1.0,1.0,1.0,3611.0
4,1.0,0.9740585774058578,0.986858838490886,3585.0
accuracy,0.9933668341708543,0.9933668341708543,0.9933668341708543,0.9933668341708543
macro avg,0.9899401433214152,0.9913812097954585,0.990588622399027,19900.0
weighted avg,0.9935052533615257,0.9933668341708543,0.9933829532364609,19900.0
