,precision,recall,f1-score,support
0,1.0,0.9929544387036168,0.9964647654961113,2129.0
1,1.0,1.0,1.0,4964.0
2,0.999643430201462,0.9992871145963287,0.9994652406417113,5611.0
3,1.0,1.0,1.0,3611.0
4,0.9947251526929484,0.999442119944212,0.9970780576040073,3585.0
accuracy,0.9989447236180905,0.9989447236180905,0.9989447236180905,0.9989447236180905
macro avg,0.9988737165788819,0.9983367346488314,0.998601612748366,19900.0
weighted avg,0.9989491939328956,0.9989447236180905,0.9989446124367954,19900.0
