,precision,recall,f1-score,support
0,0.9990610328638497,0.9995302959135745,0.9992956092979572,2129.0
1,1.0,1.0,1.0,4964.0
2,1.0,1.0,1.0,5611.0
3,1.0,1.0,1.0,3611.0
4,0.9997209821428571,0.999442119944212,0.9995815315943646,3585.0
accuracy,0.9998492462311558,0.9998492462311558,0.9998492462311558,0.9998492462311558
macro avg,0.9997564030013413,0.9997944831715573,0.9997754281784644,19900.0
weighted avg,0.999849279394436,0.9998492462311558,0.9998492534151331,19900.0
