,precision,recall,f1-score,support
0,0.9520316027088036,0.9813845258871436,0.9664852477800058,1719.0
1,0.9910403185664509,1.0,0.9955,3982.0
2,0.9997769350881106,0.9988856697125028,0.9993311036789297,4487.0
3,1.0,1.0,1.0,2823.0
4,1.0,0.9707803368855277,0.985173556602128,2909.0
accuracy,0.9923366834170855,0.9923366834170855,0.9923366834170855,0.9923366834170855
macro avg,0.9885697712726731,0.9902101064970349,0.9892979816122127,15920.0
weighted avg,0.9925165817417332,0.9923366834170855,0.9923578944281896,15920.0
