,precision,recall,f1-score,support
0,1.0,0.9962423673085956,0.9981176470588236,2129.0
1,1.0,0.999798549556809,0.9998992646318122,4964.0
2,0.9998218104062723,1.0,0.9999108972645461,5611.0
3,1.0,1.0,1.0,3611.0
4,0.9977734483718341,1.0,0.9988854834215659,3585.0
accuracy,0.9995477386934674,0.9995477386934674,0.9995477386934674,0.9995477386934674
macro avg,0.9995190517556212,0.9992081833730809,0.9993626584753497,19900.0
weighted avg,0.9995486427438501,0.9995477386934674,0.9995475840622228,19900.0
