,precision,recall,f1-score,support
0,0.9988378849506101,0.9994186046511628,0.999128160418483,1720.0
1,1.0,1.0,1.0,3981.0
2,0.999777183600713,1.0,0.9998885793871867,4487.0
3,1.0,1.0,1.0,2823.0
4,1.0,0.9993124785149536,0.999656121045392,2909.0
accuracy,0.9998115577889447,0.9998115577889447,0.9998115577889447,0.9998115577889447
macro avg,0.9997230137102646,0.9997462166332234,0.9997345721702123,15920.0
weighted avg,0.9998116447821263,0.9998115577889447,0.9998115670697955,15920.0
