,precision,recall,f1-score,support
0,0.9990543735224586,0.9924847346171912,0.9957587181903864,2129.0
1,0.9993957703927493,0.999597099113618,0.9994964246147648,4964.0
2,0.9976868327402135,0.9992871145963287,0.9984863324726204,5611.0
3,1.0,1.0,1.0,3611.0
4,0.995263304541655,0.9963737796373779,0.9958182325062727,3585.0
accuracy,0.9982412060301508,0.9982412060301508,0.9982412060301508,0.9982412060301508
macro avg,0.9982800562394154,0.9975485455929032,0.997911941556809,19900.0
weighted avg,0.9982425693842258,0.9982412060301508,0.9982404893393914,19900.0
