,precision,recall,f1-score,support
0,0.9976784677887406,0.9994186046511628,0.9985477781004938,1720.0
1,1.0,1.0,1.0,3981.0
2,1.0,1.0,1.0,4487.0
3,1.0,1.0,1.0,2823.0
4,0.9996558843771507,0.9986249570299072,0.999140154772141,2909.0
accuracy,0.9996859296482412,0.9996859296482412,0.9996859296482412,0.9996859296482412
macro avg,0.9994668704331783,0.999608712336214,0.9995375865745271,15920.0
weighted avg,0.9996863022769953,0.9996859296482412,0.999685985462626,15920.0
