,precision,recall,f1-score,support
0,0.9506726457399103,0.986046511627907,0.9680365296803652,1720.0
1,0.9932651534048391,1.0,0.9966211988487048,3982.0
2,1.0,0.9993312527864467,0.9996655145501171,4486.0
3,1.0,1.0,1.0,2824.0
4,1.0,0.9697386519944979,0.9846368715083799,2908.0
accuracy,0.9927763819095478,0.9927763819095478,0.9927763819095478,0.9927763819095478
macro avg,0.98878755982895,0.9910232832817704,0.9897920229175134,15920.0
weighted avg,0.9929861049956479,0.9927763819095478,0.9928010028570331,15920.0
