,precision,recall,f1-score,support
0,1.0,0.9912739965095986,0.9956178790534619,1719.0
1,1.0,1.0,1.0,3982.0
2,0.9964468132356207,1.0,0.9982202447163515,4487.0
3,1.0,1.0,1.0,2823.0
4,0.9948418156808804,0.9944998281196288,0.9946707925047276,2909.0
accuracy,0.9980527638190955,0.9980527638190955,0.9980527638190955,0.9980527638190955
macro avg,0.9982577257833002,0.9971547649258454,0.9977017832549082,15920.0
weighted avg,0.998056010854517,0.9980527638190955,0.9980514263524763,15920.0
