,precision,recall,f1-score,support
0,0.9995283018867924,0.9953029591357445,0.9974111555660156,2129.0
1,1.0,1.0,1.0,4964.0
2,1.0,1.0,1.0,5611.0
3,1.0,1.0,1.0,3611.0
4,0.9972175848636616,0.999721059972106,0.9984677531689651,3585.0
accuracy,0.9994472361809045,0.9994472361809045,0.9994472361809045,0.9994472361809045
macro avg,0.9993491773500909,0.9990048038215701,0.9991757817469962,19900.0
weighted avg,0.9994482812288045,0.9994472361809045,0.9994469972517983,19900.0
