,precision,recall,f1-score,support
0,0.9990552668871044,0.9934241427900423,0.9962317475270843,2129.0
1,1.0,0.999597099113618,0.999798508966351,4964.0
2,0.9960944434581928,1.0,0.9980434009249377,5611.0
3,1.0,1.0,1.0,3611.0
4,0.9974839250768801,0.995258019525802,0.9963697291259425,3585.0
accuracy,0.9983417085427135,0.9983417085427135,0.9983417085427135,0.9983417085427135
macro avg,0.9985267270844356,0.9976558522858925,0.9980886773088631,19900.0
weighted avg,0.9983444450676974,0.9983417085427135,0.9983409140955004,19900.0
