,precision,recall,f1-score,support
0,1.0,0.9938938468764679,0.9969375736160189,2129.0
1,1.0,1.0,1.0,4964.0
2,1.0,1.0,1.0,5611.0
3,1.0,1.0,1.0,3611.0
4,0.9963868816008894,1.0,0.9981901712376444,3585.0
accuracy,0.9993467336683417,0.9993467336683417,0.9993467336683417,0.9993467336683417
macro avg,0.9992773763201779,0.9987787693752935,0.9990255489707327,19900.0
weighted avg,0.9993490939969442,0.9993467336683417,0.9993463245284151,19900.0
