,precision,recall,f1-score,support
0,1.0,0.9947643979057592,0.9973753280839895,1719.0
1,1.0,1.0,1.0,3982.0
2,1.0,1.0,1.0,4487.0
3,1.0,1.0,1.0,2823.0
4,0.9969156956819739,1.0,0.9984554659344431,2909.0
accuracy,0.9994346733668342,0.9994346733668342,0.9994346733668342,0.9994346733668342
macro avg,0.9993831391363948,0.9989528795811518,0.9991661588036866,15920.0
weighted avg,0.99943641700621,0.9994346733668342,0.999434368051487,15920.0
