,precision,recall,f1-score,support
0,1.0,0.9920150305307656,0.9959915114359821,2129.0
1,1.0,1.0,1.0,4964.0
2,1.0,0.9992871145963287,0.999643430201462,5611.0
3,1.0,1.0,1.0,3611.0
4,0.9941763727121464,1.0,0.9970796829370046,3585.0
accuracy,0.9989447236180905,0.9989447236180905,0.9989447236180905,0.9989447236180905
macro avg,0.9988352745424294,0.9982604290254189,0.9985429249148897,19900.0
weighted avg,0.9989508691544244,0.9989447236180905,0.9989445164842599,19900.0
