,precision,recall,f1-score,support
0,0.948645598194131,0.9773255813953489,0.9627720504009164,1720.0
1,0.9890683229813665,1.0,0.9945041219085686,3981.0
2,1.0,0.9991085357700022,0.9995540691192865,4487.0
3,1.0,1.0,1.0,2823.0
4,1.0,0.9683740116878653,0.9839329374781698,2909.0
accuracy,0.9915201005025126,0.9915201005025126,0.9915201005025126,0.9915201005025126
macro avg,0.9875427842350994,0.9889616257706433,0.9881526357813882,15920.0
weighted avg,0.9917180541886134,0.9915201005025126,0.9915420137732301,15920.0
