,precision,recall,f1-score,support
0,0.9994134897360704,0.9906976744186047,0.995036496350365,1720.0
1,1.0,1.0,1.0,3981.0
2,1.0,0.9988856697125028,0.9994425242501951,4487.0
3,1.0,1.0,1.0,2823.0
4,0.9928303175145101,0.9996562392574768,0.9962315861596437,2909.0
accuracy,0.9986180904522614,0.9986180904522614,0.9986180904522614,0.9986180904522614
macro avg,0.9984487614501161,0.9978479166777168,0.9981421213520407,15920.0
weighted avg,0.9986265449746076,0.9986180904522614,0.9986180316690738,15920.0
