,precision,recall,f1-score,support
0,0.9990539262062441,0.9920150305307656,0.9955220362950742,2129.0
1,0.999597099113618,0.999597099113618,0.999597099113618,4964.0
2,0.9989310529128808,0.9992871145963287,0.9991090520313614,5611.0
3,1.0,1.0,1.0,3611.0
4,0.9949972206781545,0.99860529986053,0.9967979952666017,3585.0
accuracy,0.9985929648241206,0.9985929648241206,0.9985929648241206,0.9985929648241206
macro avg,0.9985158597821794,0.9979009088202485,0.998205236541331,19900.0
weighted avg,0.9985956272823343,0.9985929648241206,0.9985923678015552,19900.0
