,precision,recall,f1-score,support
0,0.9572610294117647,0.9783936120244247,0.967711962833914,2129.0
1,0.9904229848363927,1.0,0.9951884522854851,4964.0
2,0.999643430201462,0.9992871145963287,0.9994652406417113,5611.0
3,1.0,1.0,1.0,3611.0
4,1.0,0.9740585774058578,0.986858838490886,3585.0
accuracy,0.9928140703517588,0.9928140703517588,0.9928140703517588,0.9928140703517588
macro avg,0.9894654888899239,0.9903478608053222,0.9898448988503994,19900.0
weighted avg,0.992938076141,0.9928140703517588,0.9928272687059808,19900.0
