,precision,recall,f1-score,support
0,0.9995302959135745,0.9995302959135745,0.9995302959135745,2129.0
1,1.0,0.999798549556809,0.9998992646318122,4964.0
2,1.0,1.0,1.0,5611.0
3,1.0,1.0,1.0,3611.0
4,0.9994422755158952,0.999721059972106,0.9995816483056756,3585.0
accuracy,0.9998492462311558,0.9998492462311558,0.9998492462311558,0.9998492462311558
macro avg,0.9997945142858938,0.9998099810884981,0.9998022417702124,19900.0
weighted avg,0.9998492742575118,0.9998492462311558,0.9998492542114655,19900.0
