,precision,recall,f1-score,support
0,0.9990539262062441,0.9920150305307656,0.9955220362950742,2129.0
1,1.0,0.999597099113618,0.999798508966351,4964.0
2,0.9971565665541141,1.0,0.99857625912084,5611.0
3,1.0,1.0,1.0,3611.0
4,0.9963747908533185,0.9966527196652719,0.9965137358806303,3585.0
accuracy,0.9984422110552764,0.9984422110552764,0.9984422110552764,0.9984422110552764
macro avg,0.9985170567227353,0.9976529698619311,0.9980821080525791,19900.0
weighted avg,0.9984439662832854,0.9984422110552764,0.9984411732080538,19900.0
