,precision,recall,f1-score,support
0,0.9967312631333177,0.9939464493597207,0.9953369083702495,4295.0
1,1.0,1.0,1.0,10100.0
2,0.9996408045977011,1.0,0.9998203700377223,5566.0
3,1.0,1.0,1.0,6996.0
4,0.9965200445434298,0.9979091162531363,0.9972140966708455,7174.0
accuracy,0.9987987460080279,0.9987987460080279,0.9987987460080279,0.9987987460080279
macro avg,0.9985784224548897,0.9983711131225714,0.9984742750157635,34131.0
weighted avg,0.9987986374001047,0.9987987460080279,0.9987983396500785,34131.0
