,precision,recall,f1-score,support
0,0.9993018384919712,0.99976717112922,0.999534450651769,4295.0
1,1.0,1.0,1.0,10100.0
2,1.0,1.0,1.0,5566.0
3,1.0,1.0,1.0,6996.0
4,0.9998605688789738,0.9995818232506273,0.999721176634602,7174.0
accuracy,0.9998828044885881,0.9998828044885881,0.9998828044885881,0.9998828044885881
macro avg,0.999832481474189,0.9998697988759695,0.9998511254572742,34131.0
weighted avg,0.9998828372289348,0.9998828044885881,0.9998828099594499,34131.0
