,precision,recall,f1-score,support
0,0.9983471074380166,0.9844004656577415,0.9913247362250879,4295.0
1,1.0,0.9995049504950495,0.9997524139638524,10100.0
2,0.996598030438675,1.0,0.9982961169401847,5566.0
3,1.0,1.0,1.0,6996.0
4,0.9933518005540166,0.9997212155004181,0.9965263304154509,7174.0
accuracy,0.9978318830388796,0.9978318830388796,0.9978318830388796,0.9978318830388796
macro avg,0.9976593876861417,0.9967253263306418,0.997179919508915,34131.0
weighted avg,0.9978398312690065,0.9978318830388796,0.9978270547130519,34131.0
