,precision,recall,f1-score,support
0,0.9982512387059166,0.9967986030267754,0.9975243920198049,3436.0
1,0.9998743718592965,1.0,0.999937181983793,7959.0
2,0.999777183600713,0.999777183600713,0.999777183600713,4488.0
3,1.0,1.0,1.0,5646.0
4,0.9980965564976639,0.9987878787878788,0.9984420979747274,5775.0
accuracy,0.9993041312628186,0.9993041312628186,0.9993041312628186,0.9993041312628186
macro avg,0.999199870132718,0.9990727330830735,0.9991361711158078,27304.0
weighted avg,0.9993040944768414,0.9993041312628186,0.9993040198576438,27304.0
