,precision,recall,f1-score,support
0,0.9796260786193672,0.9515715948777649,0.9653950631864887,4295.0
1,0.986119257086999,0.9988118811881188,0.9924249877029021,10100.0
2,0.9917974322396577,0.9992813510600072,0.9955253266511545,5566.0
3,0.9998570816064027,1.0,0.9999285356964196,6996.0
4,0.9964907355418304,0.9895455812656816,0.9930060148272486,7174.0
accuracy,0.9912396355219595,0.9912396355219595,0.9912396355219595,0.9912396355219595
macro avg,0.9907781170188515,0.9878420816783144,0.9892559856128426,34131.0
weighted avg,0.991224039488743,0.9912396355219595,0.991189338912673,34131.0
