,precision,recall,f1-score,support
0,0.999534450651769,0.99976717112922,0.9996507973460599,4295.0
1,1.0,0.9998019801980198,0.9999009802950787,10100.0
2,1.0,1.0,1.0,5566.0
3,1.0,1.0,1.0,6996.0
4,0.999581881533101,0.9997212155004181,0.9996515436615792,7174.0
accuracy,0.9998535056107352,0.9998535056107352,0.9998535056107352,0.9998535056107352
macro avg,0.999823266436974,0.9998580733655317,0.9998406642605435,34131.0
weighted avg,0.9998535315012106,0.9998535056107352,0.9998535129298816,34131.0
