,precision,recall,f1-score,support
0,0.9656436097114063,0.9816065192083818,0.973559635146057,4295.0
1,0.99533961328706,0.9938613861386139,0.9945999504582611,10100.0
2,0.9836850505408761,0.9965864175350342,0.9900937081659973,5566.0
3,1.0,1.0,1.0,6996.0
4,0.9957416607523066,0.977836632283245,0.9867079260144876,7174.0
accuracy,0.9906536579648999,0.9906536579648999,0.9906536579648999,0.9906536579648999
macro avg,0.9880819868583298,0.989978191033055,0.9889922439569606,34131.0
weighted avg,0.9907418787453446,0.9906536579648999,0.9906654470557741,34131.0
