,precision,recall,f1-score,support
0,0.6963318496272859,0.9901250571907885,0.8176379836906899,26228.0
1,0.9911756054515148,0.9969428007889546,0.9940508382909681,10140.0
2,1.0,0.99982397465235,0.9999119795792624,5681.0
3,0.9974759811105683,0.9927876823338736,0.9951263098042401,12340.0
4,0.8341869398207427,0.10318340196388977,0.18365045806906272,12628.0
accuracy,0.8253428234627035,0.8253428234627035,0.8253428234627035,0.8253428234627035
macro avg,0.9038340752020224,0.8165725833859714,0.7980755138868446,67017.0
weighted avg,0.8481113549437242,0.8253428234627035,0.7730005989522072,67017.0
