,precision,recall,f1-score,support
0,0.9982433025911287,0.0866631081287174,0.1594807928433608,26228.0
1,0.9998005186515061,0.4942800788954635,0.6615191711212302,10140.0
2,1.0,0.99982397465235,0.9999119795792624,5681.0
3,0.2822506861848124,1.0,0.4402425972172672,12340.0
4,0.24121235596010457,0.19726005701615457,0.21703332607275103,12628.0
accuracy,0.4147604339197517,0.4147604339197517,0.4147604339197517,0.4147604339197517
macro avg,0.7043013726775104,0.555605443738537,0.4956375733667743,67017.0
weighted avg,0.7241432128873447,0.4147604339197517,0.3692265705293061,67017.0
