,precision,recall,f1-score,support
0,0.943557057287667,0.936937623913375,0.9402356902356902,26228.0
1,1.0,1.0,1.0,10140.0
2,1.0,1.0,1.0,5681.0
3,1.0,1.0,1.0,12340.0
4,0.8709022791133313,0.8835920177383592,0.8772012578616353,12628.0
accuracy,0.9533849620245609,0.9533849620245609,0.9533849620245609,0.9533849620245609
macro avg,0.9628918672801998,0.9641059283303468,0.9634873896194651,67017.0
weighted avg,0.9535844409505659,0.9533849620245609,0.9534714948114421,67017.0
