,precision,recall,f1-score,support
0,0.602262528931085,0.9722815311880433,0.7437946623887998,26228.0
1,0.9802631578947368,0.9992110453648915,0.9896464153154914,10140.0
2,1.0,0.99982397465235,0.9999119795792624,5681.0
3,1.0,0.48768233387358184,0.6556269746159712,12340.0
4,0.4282468761832639,0.089562876148242,0.14814329687602332,12628.0
accuracy,0.7231299521017055,0.7231299521017055,0.7231299521017055,0.7231299521017055
macro avg,0.8021545126018171,0.7097123522454216,0.7074246657551095,67017.0
weighted avg,0.7336185084724679,0.7231299521017055,0.674231186596443,67017.0
