,precision,recall,f1-score,support
0,0.8590711428074448,0.941512886991002,0.898404671384134,26228.0
1,0.9999013903954245,1.0,0.9999506927666288,10140.0
2,1.0,0.99982397465235,0.9999119795792624,5681.0
3,1.0,1.0,1.0,12340.0
4,0.8482840470774404,0.6792049414000634,0.7543867364439949,12628.0
accuracy,0.9166480146828416,0.9166480146828416,0.9166480146828416,0.9166480146828416
macro avg,0.9414513160560618,0.9241083606086831,0.930530816034804,67017.0
weighted avg,0.9162428783541069,0.9166480146828416,0.9139435279036847,67017.0
