,precision,recall,f1-score,support
0,0.612869096854862,0.9717858776879671,0.7516810192285006,26228.0
1,0.9911738746690203,0.9967455621301775,0.9939519103112553,10140.0
2,1.0,0.99982397465235,0.9999119795792624,5681.0
3,0.9954671735633864,0.5517017828200973,0.709943167005579,12340.0
4,0.4865462587541467,0.10452961672473868,0.1720878691089238,12628.0
accuracy,0.7371711655251653,0.7371711655251653,0.7371711655251653,0.7371711655251653
macro avg,0.8172112807682831,0.7249173628030661,0.7255151890467042,67017.0
weighted avg,0.7495710765741936,0.7371711655251653,0.6924823013687179,67017.0
