,precision,recall,f1-score,support
0,0.9013590033975085,0.9103629708708251,0.9058386129974582,26228.0
1,1.0,1.0,1.0,10140.0
2,1.0,1.0,1.0,5681.0
3,1.0,1.0,1.0,12340.0
4,0.8098819343360828,0.793078872347165,0.8013923341601984,12628.0
accuracy,0.9259292418341615,0.9259292418341615,0.9259292418341615,0.9259292418341615
macro avg,0.9422481875467182,0.9406883686435981,0.9414461894315312,67017.0
weighted avg,0.9255716162750631,0.9259292418341615,0.9257250777783594,67017.0
