,precision,recall,f1-score,support
0,0.9582953509571559,0.9790454016298021,0.9685592537141541,4295.0
1,0.9937623762376238,0.9937623762376238,0.9937623762376238,10100.0
2,0.9813664596273292,0.9935321595400647,0.9874118382287296,5566.0
3,1.0,1.0,1.0,6996.0
4,0.9984312606959498,0.9758851407861723,0.9870294656703793,7174.0
accuracy,0.9893938062172218,0.9893938062172218,0.9893938062172218,0.9893938062172218
macro avg,0.9863710895036117,0.9884450156387325,0.9873525867701772,34131.0
weighted avg,0.9895376669561232,0.9893938062172218,0.9894185834872317,34131.0
