,precision,recall,f1-score,support
0,0.9993016759776536,0.9995343422584401,0.9994179955767664,4295.0
1,1.0,1.0,1.0,10100.0
2,1.0,1.0,1.0,5566.0
3,1.0,1.0,1.0,6996.0
4,0.999721176634602,0.9995818232506273,0.9996514950860808,7174.0
accuracy,0.9998535056107352,0.9998535056107352,0.9998535056107352,0.9998535056107352
macro avg,0.9998045705224511,0.9998232331018133,0.9998138981325694,34131.0
weighted avg,0.9998535179016338,0.9998535056107352,0.9998535090313719,34131.0
