,precision,recall,f1-score,support
0,0.9506418769366977,1.0,0.9746964711222058,4295.0
1,1.0,0.9995049504950495,0.9997524139638524,10100.0
2,1.0,0.9919151994250809,0.9959411923874808,5566.0
3,1.0,1.0,1.0,6996.0
4,1.0,0.9758851407861723,0.9877954144620811,7174.0
accuracy,0.9934663502387858,0.9934663502387858,0.9934663502387858,0.9934663502387858
macro avg,0.9901283753873396,0.9934610581412604,0.9916370983871239,34131.0
weighted avg,0.9937888389277524,0.9934663502387858,0.9935153879078982,34131.0
