,precision,recall,f1-score,support
0,0.9993008622698671,0.9983701979045402,0.9988353133007221,4295.0
1,1.0,0.9998019801980198,0.9999009802950787,10100.0
2,1.0,1.0,1.0,5566.0
3,1.0,1.0,1.0,6996.0
4,0.9987465181058496,0.9995818232506273,0.9991639960986485,7174.0
accuracy,0.9996484134657643,0.9996484134657643,0.9996484134657643,0.9996484134657643
macro avg,0.9996094760751433,0.9995508002706375,0.9995800579388898,34131.0
weighted avg,0.9996485518836378,0.9996484134657643,0.9996484157984998,34131.0
