,precision,recall,f1-score,support
0,0.9637931034482758,0.9758510328775094,0.9697845886945208,3437.0
1,0.9913642052565708,0.9952255308455836,0.9932911154304345,7959.0
2,0.9867256637168141,0.9939826164475151,0.9903408460086599,4487.0
3,1.0,1.0,1.0,5647.0
4,0.9985885673959068,0.9800865800865801,0.9892510705234642,5775.0
accuracy,0.9903680644570592,0.9903680644570592,0.9903680644570592,0.9903680644570592
macro avg,0.9880943079635134,0.9890291520514378,0.9885335241314157,27305.0
weighted avg,0.990445399597051,0.9903680644570592,0.9903804404822472,27305.0
