,precision,recall,f1-score,support
0,0.9740571703098727,0.9441210710128056,0.9588555213998581,4295.0
1,0.9828526890101325,0.9988118811881188,0.9907680219996071,10100.0
2,0.9852967227635075,0.9992813510600072,0.9922397645169923,5566.0
3,0.9998570816064027,1.0,0.9999285356964196,6996.0
4,0.9978759558198811,0.9822971842765542,0.9900252880022479,7174.0
accuracy,0.9887785297823093,0.9887785297823093,0.9887785297823093,0.9887785297823093
macro avg,0.9879879239019594,0.9849022975074971,0.986363426323025,34131.0
weighted avg,0.9887876568033502,0.9887785297823093,0.9887137636685207,34131.0
