,precision,recall,f1-score,support
0,0.9585477415666095,0.9755600814663951,0.9669790915645278,3437.0
1,0.9907719166978426,0.9982409850483729,0.994492427087245,7959.0
2,0.9977683552778398,0.9964341430800089,0.9971008028545941,4487.0
3,1.0,0.9996458296440588,0.999822883457315,5647.0
4,0.9996467679265277,0.9800865800865801,0.9897700445921133,5775.0
accuracy,0.9915400109869987,0.9915400109869987,0.9915400109869987,0.9915400109869987
macro avg,0.9893469562937639,0.9899935238650832,0.989633049911159,27305.0
weighted avg,0.9916509418666886,0.9915400109869987,0.9915614538621549,27305.0
