,precision,recall,f1-score,support
0,0.9988355167394468,0.9985448195576252,0.998690146994615,3436.0
1,0.9998743876397438,1.0,0.9999371898750079,7960.0
2,1.0,1.0,1.0,4487.0
3,1.0,1.0,1.0,5646.0
4,0.9991341991341991,0.9991341991341991,0.9991341991341991,5775.0
accuracy,0.9996337532962203,0.9996337532962203,0.9996337532962203,0.9996337532962203
macro avg,0.9995688207026779,0.9995358037383649,0.9995523072007643,27304.0
weighted avg,0.9996337152479161,0.9996337532962203,0.9996337304599532,27304.0
