,precision,recall,f1-score,support
0,0.9994162288382954,0.9965075669383003,0.9979597784902361,3436.0
1,1.0,1.0,1.0,7960.0
2,0.999777183600713,1.0,0.9998885793871867,4487.0
3,1.0,1.0,1.0,5646.0
4,0.9980982019363762,0.9996536796536797,0.9988753352366122,5775.0
accuracy,0.9994872546147084,0.9994872546147084,0.9994872546147084,0.9994872546147084
macro avg,0.999458322875077,0.9992322493183959,0.9993447386228069,27304.0
weighted avg,0.9994876758455669,0.9994872546147084,0.9994870684000218,27304.0
