,precision,recall,f1-score,support
0,0.9549499443826474,0.9994179278230501,0.9766780432309442,3436.0
1,1.0,0.9993718592964824,0.9996858309770656,7960.0
2,0.9995518709388304,0.9942054825050145,0.9968715083798882,4487.0
3,1.0,1.0,1.0,5646.0
4,1.0,0.9773160173160174,0.9885278921096419,5775.0
accuracy,0.9939935540580135,0.9939935540580135,0.9939935540580135,0.9939935540580135
macro avg,0.9909003630642955,0.9940622573881128,0.992352654939508,27304.0
weighted avg,0.9942571511061129,0.9939935540580135,0.9940329624286809,27304.0
