,precision,recall,f1-score,support
0,0.9981295300444236,0.9939464493597207,0.9960335977601493,4295.0
1,1.0,1.0,1.0,10100.0
2,1.0,1.0,1.0,5566.0
3,1.0,1.0,1.0,6996.0
4,0.996384872080089,0.9988848620016727,0.9976333008492273,7174.0
accuracy,0.9990038381529988,0.9990038381529988,0.9990038381529988,0.9990038381529988
macro avg,0.9989028804249024,0.9985662622722786,0.9987333797218753,34131.0
weighted avg,0.9990047582503694,0.9990038381529988,0.99900341632745,34131.0
