,precision,recall,f1-score,support
0,0.9528772088808337,0.979278230500582,0.9658973475714778,4295.0
1,0.9928156677492372,0.9988118811881188,0.9958047480381027,10100.0
2,0.997121784493614,0.9958677685950413,0.9964943820224719,5566.0
3,1.0,0.9997141223556318,0.9998570407433881,6996.0
4,0.9997144081108097,0.9758851407861723,0.987656062636665,7174.0
accuracy,0.9912396355219595,0.9912396355219595,0.9912396355219595,0.9912396355219595
macro avg,0.988505813846899,0.9899114286851093,0.989141916202421,34131.0
weighted avg,0.9914147511848138,0.9912396355219595,0.9912715491411794,34131.0
