,precision,recall,f1-score,support
0,0.9787290918811579,0.9771618118041787,0.9779448239020109,26228.0
1,1.0,1.0,1.0,10140.0
2,1.0,1.0,1.0,5681.0
3,1.0,1.0,1.0,12340.0
4,0.9527229676400947,0.9558916693063034,0.9543046881176378,12628.0
accuracy,0.9827506453586403,0.9827506453586403,0.9827506453586403,0.9827506453586403
macro avg,0.9862904119042504,0.9866106962220964,0.9864499024039297,67017.0
weighted avg,0.9827669435698125,0.9827506453586403,0.982758053073869,67017.0
