,precision,recall,f1-score,support
0,0.5836355949175549,1.0,0.7370831986735426,26228.0
1,0.9795109693631004,0.9995069033530573,0.9894079172157954,10140.0
2,1.0,0.99982397465235,0.9999119795792624,5681.0
3,1.0,0.4837925445705024,0.6521026761332606,12340.0
4,0.8765432098765432,0.005622426354133671,0.0111731843575419,12628.0
accuracy,0.7174895921930257,0.7174895921930257,0.7174895921930257,0.7174895921930257
macro avg,0.8879379548314397,0.6977491697860085,0.6779357911918806,67017.0
weighted avg,0.8106871878353322,0.7174895921930257,0.6451102909249758,67017.0
