,precision,recall,f1-score,support
0,0.9965884861407249,0.08910324843678512,0.16358100304483253,26228.0
1,0.9998005186515061,0.4942800788954635,0.6615191711212302,10140.0
2,1.0,0.99982397465235,0.9999119795792624,5681.0
3,0.28305998394311277,1.0,0.4412264235273085,12340.0
4,0.2459553158705701,0.20224897054165347,0.22197114548930993,12628.0
accuracy,0.41665547547637166,0.41665547547637166,0.41665547547637166,0.41665547547637166
macro avg,0.7050808609211828,0.5570912545052504,0.4976419445523887,67017.0
weighted avg,0.7245383112388913,0.41665547547637166,0.3719428292908504,67017.0
