,precision,recall,f1-score,support
0,0.6009118610671982,1.0,0.7507119856887299,26228.0
1,0.9927308447937132,0.9966469428007889,0.9946850393700788,10140.0
2,1.0,0.99982397465235,0.9999119795792624,5681.0
3,0.9958136394328156,0.5975688816855753,0.746923271714358,12340.0
4,0.9714285714285714,0.008077288565093443,0.01602136181575434,12628.0
accuracy,0.7384693435993852,0.7384693435993852,0.7384693435993852,0.7384693435993852
macro avg,0.9121769833444597,0.7204234175407614,0.7016507276336367,67017.0
weighted avg,0.8365571029571554,0.7384693435993852,0.6696156370146518,67017.0
