,precision,recall,f1-score,support
0,0.8617347650257984,0.9424279396065274,0.9002768065268065,26228.0
1,0.9999013903954245,1.0,0.9999506927666288,10140.0
2,1.0,0.99982397465235,0.9999119795792624,5681.0
3,1.0,1.0,1.0,12340.0
4,0.8515532835233975,0.6859360152043079,0.7598245614035087,12628.0
accuracy,0.9182744676723816,0.9182744676723816,0.9182744676723816,0.9182744676723816
macro avg,0.942637887788924,0.925637585892637,0.9319928080552413,67017.0
weighted avg,0.9179013441371549,0.9182744676723816,0.9157008613282004,67017.0
