,precision,recall,f1-score,support
0,0.9043073076485965,0.9101342077169438,0.9072114014251782,26228.0
1,1.0,1.0,1.0,10140.0
2,1.0,1.0,1.0,5681.0
3,1.0,1.0,1.0,12340.0
4,0.8108194879203788,0.7999683243585682,0.8053573563997289,12628.0
accuracy,0.9271378903860215,0.9271378903860215,0.9271378903860215,0.9271378903860215
macro avg,0.9430253591137951,0.9420205064151024,0.9425137515649814,67017.0
weighted avg,0.9269021376436715,0.9271378903860215,0.9270094652579995,67017.0
