,precision,recall,f1-score,support
0,0.6981845285630623,1.0,0.8222716869925071,26228.0
1,0.9927329863497987,0.9969428007889546,0.99483343994489,10140.0
2,1.0,0.99982397465235,0.9999119795792624,5681.0
3,0.9974792649211254,0.9940842787682334,0.9957788781556944,12340.0
4,1.0,0.10215394361735824,0.18537146141687025,12628.0
accuracy,0.8292522792724234,0.8292522792724234,0.8292522792724234,0.8292522792724234
macro avg,0.9376793559667973,0.8186009995653792,0.7996334892178448,67017.0
weighted avg,0.880316791647875,0.8292522792724234,0.7753769195082435,67017.0
