,precision,recall,f1-score,support
0,0.9995864350703061,0.09215342382186975,0.16874956363890248,26228.0
1,0.9998005186515061,0.4942800788954635,0.6615191711212302,10140.0
2,0.99982397465235,0.99982397465235,0.99982397465235,5681.0
3,0.2827940232835274,1.0,0.44090324424753463,12340.0
4,0.24500925114422048,0.19923978460563826,0.21976678167445518,12628.0
accuracy,0.41728218213289164,0.41728218213289164,0.41728218213289164,0.41728218213289164
macro avg,0.705402840560382,0.5570994523950643,0.4981525470668945,67017.0
weighted avg,0.725469438335321,0.41728218213289164,0.37348327891863264,67017.0
