,precision,recall,f1-score,support
0,0.6973411326774794,0.9999618728076864,0.8216736113286757,26228.0
1,0.9998028002366397,1.0,0.9999013903954245,10140.0
2,1.0,0.99982397465235,0.9999119795792624,5681.0
3,1.0,1.0,1.0,12340.0
4,1.0,0.09859043395628761,0.17948533121891444,12628.0
accuracy,0.8301177313219034,0.8301177313219034,0.8301177313219034,0.8301177313219034
macro avg,0.9394287865828238,0.8196752562832648,0.8001944625044553,67017.0
weighted avg,0.8815205637713485,0.8301177313219034,0.7755777831768111,67017.0
