,precision,recall,f1-score,support
0,0.5803377677139353,0.9380814396827818,0.7170669153648869,26228.0
1,0.9964594807238395,0.9992110453648915,0.9978333661611187,10140.0
2,1.0,0.99982397465235,0.9999119795792624,5681.0
3,1.0,0.49748784440842786,0.6644298933924996,12340.0
4,0.3838268792710706,0.0800601837187203,0.13248591272441357,12628.0
accuracy,0.7097602100959458,0.7097602100959458,0.7097602100959458,0.7097602100959458
macro avg,0.7921248255417691,0.7029328975654343,0.7023456134444362,67017.0
weighted avg,0.719118491391377,0.7097602100959458,0.6636802353940213,67017.0
