,precision,recall,f1-score,support
0,0.9036692036805635,0.9099054445630623,0.906776602009993,26228.0
1,1.0,1.0,1.0,10140.0
2,0.9998240056318198,1.0,0.999911995071724,5681.0
3,1.0,1.0,1.0,12340.0
4,0.810220151052547,0.79854292049414,0.80433915609795,12628.0
accuracy,0.9267797722965815,0.9267797722965815,0.9267797722965815,0.9267797722965815
macro avg,0.942742672072986,0.9416896730114404,0.9422055506359334,67017.0
weighted avg,0.9265245552265806,0.9267797722965815,0.9266399812693119,67017.0
