,precision,recall,f1-score,support
0,0.5815279091769158,0.9374332774134513,0.7177847842587727,26228.0
1,0.9998028002366397,1.0,0.9999013903954245,10140.0
2,1.0,0.99982397465235,0.9999119795792624,5681.0
3,1.0,0.500162074554295,0.6668107173725151,12340.0
4,0.4021144732045206,0.08734558124802028,0.14351701255611216,12628.0
accuracy,0.7114911141949057,0.7114911141949057,0.7114911141949057,0.7114911141949057
macro avg,0.7966890365236152,0.7049529815736234,0.7055851768324174,67017.0
weighted avg,0.7235360574767351,0.7114911141949057,0.6667910599261965,67017.0
