,precision,recall,f1-score,support
0,0.5848413944258508,0.9347218934911242,0.7195015303891561,21125.0
1,0.9996308600959763,1.0,0.9998153959756323,8124.0
2,1.0,0.9993315508021391,0.9996656636576395,4488.0
3,0.9997976118194697,0.5008110300081103,0.6673421141506248,9864.0
4,0.3999129677980853,0.09178068510935783,0.14929737633011128,10013.0
accuracy,0.7127615921214608,0.7127615921214608,0.7127615921214608,0.7127615921214608
macro avg,0.7968365668278764,0.7053290318821464,0.7071244161006327,53614.0
weighted avg,0.7242531382514882,0.7127615921214608,0.6693409715381731,53614.0
