,precision,recall,f1-score,support
0,0.9577232656190111,0.9526841543388744,0.9551970641079552,26228.0
1,1.0,1.0,1.0,10140.0
2,0.9998240056318198,1.0,0.999911995071724,5681.0
3,1.0,1.0,1.0,12340.0
4,0.9028593811202507,0.9126544187519797,0.9077304769030835,12628.0
accuracy,0.9650237999313607,0.9650237999313607,0.9650237999313607,0.9650237999313607
macro avg,0.9720813304742164,0.9730677146181709,0.9725679072165525,67017.0
weighted avg,0.9651353276248761,0.9650237999313607,0.9650719832842122,67017.0
