,precision,recall,f1-score,support
0,0.9616743031691485,0.9537988165680473,0.9577203697982271,21125.0
1,1.0,1.0,1.0,8125.0
2,1.0,1.0,1.0,4487.0
3,1.0,1.0,1.0,9864.0
4,0.9041822108776753,0.91980425446919,0.9119263329867815,10013.0
accuracy,0.9668183683366285,0.9668183683366285,0.9668183683366285,0.9668183683366285
macro avg,0.9731713028093647,0.9747206142074475,0.9739293405570016,53614.0
weighted avg,0.9670038820451081,0.9668183683366285,0.9668922517287312,53614.0
