,precision,recall,f1-score,support
0,0.8621589643652561,0.9446011895684002,0.901499163088567,26228.0
1,0.9999013903954245,1.0,0.9999506927666288,10140.0
2,0.99982397465235,0.99982397465235,0.99982397465235,5681.0
3,1.0,1.0,1.0,12340.0
4,0.8565075600355766,0.6863319607222046,0.7620345540071218,12628.0
accuracy,0.9191996060701016,0.9191996060701016,0.9191996060701016,0.9191996060701016
macro avg,0.9436783778897213,0.9261514249885909,0.9326616769029336,67017.0
weighted avg,0.9189859719789129,0.9191996060701016,0.916588215260941,67017.0
