,precision,recall,f1-score,support
0,0.9991463935125907,0.08925575720603934,0.16387245808687131,26228.0
1,0.9998005186515061,0.4942800788954635,0.6615191711212302,10140.0
2,1.0,0.99982397465235,0.9999119795792624,5681.0
3,0.2819926873857404,1.0,0.4399286987522282,12340.0
4,0.24410527345660893,0.19757681343047195,0.2183903015449254,12628.0
accuracy,0.4158347881880717,0.4158347881880717,0.4158347881880717,0.4158347881880717
macro avg,0.7050089746012892,0.556187324836865,0.4967245218169035,67017.0
weighted avg,0.7249942555429905,0.4158347881880717,0.3711432032525081,67017.0
