,precision,recall,f1-score,support
0,0.8639815236028975,0.9413603782217478,0.9010126813246967,26228.0
1,0.9999013903954245,1.0,0.9999506927666288,10140.0
2,1.0,0.99982397465235,0.9999119795792624,5681.0
3,1.0,1.0,1.0,12340.0
4,0.8503745500535071,0.6921919543870764,0.7631728292661631,12628.0
accuracy,0.9190354686124416,0.9190354686124416,0.9190354686124416,0.9190354686124416
macro avg,0.9428514928103657,0.9266752614522348,0.9328096365873503,67017.0
weighted avg,0.918558534666459,0.9190354686124416,0.916619769228713,67017.0
