,precision,recall,f1-score,support
0,0.9994871794871795,0.09226472259041849,0.16893473173268614,21124.0
1,1.0,0.49895384615384614,0.6657361031283356,8125.0
2,1.0,0.9997771339425006,0.9998885545525465,4487.0
3,0.28339127187060076,1.0,0.4416287972062412,9864.0
4,0.24434824434824434,0.20293618296214921,0.22172513503191663,10013.0
accuracy,0.41752933057280883,0.41752933057280883,0.41752933057280883,0.41752933057280883
macro avg,0.7054453391412049,0.5587863771297829,0.49958266433034526,53613.0
weighted avg,0.7268236744050466,0.41752933057280883,0.3738000725203441,53613.0
