,precision,recall,f1-score,support
0,0.5739895847734918,0.9497483605307305,0.71553729928475,26228.0
1,0.9956794972505891,1.0,0.9978350718362528,10140.0
2,1.0,0.99982397465235,0.9999119795792624,5681.0
3,0.7863313990973565,0.4941653160453809,0.6069171435680517,12340.0
4,0.0,0.0,0.0,12628.0
accuracy,0.698748078845666,0.698748078845666,0.698748078845666,0.698748078845666
macro avg,0.6712000962242876,0.6887475302456922,0.6640402988536633,67017.0
weighted avg,0.6048482981395988,0.698748078845666,0.6275276037673959,67017.0
