,precision,recall,f1-score,support
0,0.6972379509264428,1.0,0.8216148484611168,26228.0
1,0.9999010880316518,0.9969428007889546,0.9984197530864197,10140.0
2,1.0,0.99982397465235,0.9999119795792624,5681.0
3,0.9974941395198448,1.0,0.9987454979563757,12340.0
4,1.0,0.09811529933481153,0.17869762746087833,12628.0
accuracy,0.8295805541877435,0.8295805541877435,0.8295805541877435,0.8295805541877435
macro avg,0.9389266356955879,0.8189764149552232,0.7994779413088107,67017.0
weighted avg,0.8810336435712517,0.8295805541877435,0.7749511852527255,67017.0
