,precision,recall,f1-score,support
0,0.5820683533067021,1.0,0.7358321176074515,26228.0
1,0.9805534055727554,0.9995069033530573,0.9899394412971283,10140.0
2,1.0,0.99982397465235,0.9999119795792624,5681.0
3,1.0,0.4814424635332253,0.649964443958208,12340.0
4,0.0,0.0,0.0,12628.0
accuracy,0.7159974334870257,0.7159974334870257,0.7159974334870257,0.7159974334870257
macro avg,0.7125243517758915,0.6961546683077264,0.6751295964884101,67017.0
weighted avg,0.6450646896016821,0.7159974334870257,0.6422020070996195,67017.0
