,precision,recall,f1-score,support
0,0.9444810352175429,0.9294646942199176,0.9369127000903169,26228.0
1,1.0,1.0,1.0,10140.0
2,1.0,1.0,1.0,5681.0
3,1.0,1.0,1.0,12340.0
4,0.8581832119586048,0.886522014570795,0.8721224632882795,12628.0
accuracy,0.9510124296820209,0.9510124296820209,0.9510124296820209,0.9510124296820209
macro avg,0.9605328494352297,0.9631973417581424,0.9618070326757193,67017.0
weighted avg,0.9515494007833681,0.9510124296820209,0.951214001885689,67017.0
