,precision,recall,f1-score,support
0,0.9058326675037096,0.9077321946011896,0.9067814362704957,26228.0
1,1.0,1.0,1.0,10140.0
2,1.0,1.0,1.0,5681.0
3,1.0,1.0,1.0,12340.0
4,0.8075240594925635,0.804006968641115,0.8057616761239633,12628.0
accuracy,0.9269588313413014,0.9269588313413014,0.9269588313413014,0.9269588313413014
macro avg,0.9426713453992546,0.9423478326484609,0.9425086224788919,67017.0
weighted avg,0.9268781507163761,0.9269588313413014,0.9269173785247917,67017.0
