,precision,recall,f1-score,support
0,0.9761297798377752,0.980675203725262,0.978397212543554,4295.0
1,0.9960266216350452,0.9927722772277228,0.9943967868299698,10100.0
2,0.9819309123117803,0.9958677685950413,0.9888502363749888,5566.0
3,1.0,1.0,1.0,6996.0
4,0.9962014631401238,0.9870365207694453,0.9915978154320123,7174.0
accuracy,0.99203070522399,0.99203070522399,0.99203070522399,0.99203070522399
macro avg,0.9900577553849448,0.9912703540634944,0.9906484102361051,34131.0
weighted avg,0.9920753285110843,0.99203070522399,0.9920391057522401,34131.0
