,precision,recall,f1-score,support
0,0.9503035754441196,0.9839348079161816,0.9668268130862503,4295.0
1,0.9949699181378834,0.9988118811881188,0.9968871979840901,10100.0
2,0.9967555875991349,0.9935321595400647,0.9951412632715494,5566.0
3,1.0,0.9997141223556318,0.9998570407433881,6996.0
4,0.9997144081108097,0.9758851407861723,0.987656062636665,7174.0
accuracy,0.9914447276669304,0.9914447276669304,0.9914447276669304,0.9914447276669304
macro avg,0.9883486978583896,0.9903756223572339,0.9892736755443886,34131.0
weighted avg,0.9916686529573949,0.9914447276669304,0.9914881657030377,34131.0
