,precision,recall,f1-score,support
0,0.9990689013035382,0.99930151338766,0.999185193807473,4295.0
1,1.0,0.9998019801980198,0.9999009802950787,10100.0
2,1.0,1.0,1.0,5566.0
3,1.0,1.0,1.0,6996.0
4,0.9993031358885017,0.9994424310008364,0.9993727785908426,7174.0
accuracy,0.9997363100993232,0.9997363100993232,0.9997363100993232,0.9997363100993232
macro avg,0.9996744074384081,0.9997091849173032,0.9996917905386787,34131.0
weighted avg,0.9997363577968067,0.9997363100993232,0.9997363283230524,34131.0
