,precision,recall,f1-score,support
0,0.9988372093023256,1.0,0.9994182664339732,4295.0
1,1.0,1.0,1.0,10100.0
2,1.0,1.0,1.0,5566.0
3,1.0,1.0,1.0,6996.0
4,1.0,0.9993030387510454,0.9996513978944432,7174.0
accuracy,0.9998535056107352,0.9998535056107352,0.9998535056107352,0.9998535056107352
macro avg,0.9997674418604652,0.999860607750209,0.9998139328656833,34131.0
weighted avg,0.9998536759530482,0.9998535056107352,0.9998535226869606,34131.0
