,precision,recall,f1-score,support
0,0.9967136150234742,0.9885913853317811,0.9926358854471069,4295.0
1,1.0,0.9995049504950495,0.9997524139638524,10100.0
2,0.9983836206896551,0.9987423643550126,0.9985629603017784,5566.0
3,1.0,1.0,1.0,6996.0
4,0.9944536882972823,0.9997212155004181,0.9970804949256221,7174.0
accuracy,0.9981541706952624,0.9981541706952624,0.9981541706952624,0.9981541706952624
macro avg,0.9979101848020824,0.9973119831364523,0.9976063509276718,34131.0
weighted avg,0.9981570703796885,0.9981541706952624,0.9981520440850354,34131.0
