,precision,recall,f1-score,support
0,0.9892656745547694,0.9441210710128056,0.9661663092685251,4295.0
1,0.9843871975019516,0.9988118811881188,0.9915470807941813,10100.0
2,0.9916206097343555,0.9992813510600072,0.9954362416107383,5566.0
3,1.0,1.0,1.0,6996.0
4,0.994985374007522,0.9956788402564818,0.9953319863443183,7174.0
accuracy,0.9915912220561952,0.9915912220561952,0.9915912220561952,0.9915912220561952
macro avg,0.9920517711597198,0.9875786287034828,0.9896963236035526,34131.0
weighted avg,0.9916085715008006,0.9915912220561952,0.9915156193832309,34131.0
