,precision,recall,f1-score,support
0,0.9759907434191496,0.9819557625145519,0.9789641665457711,3436.0
1,0.9954716981132076,0.9943460233697701,0.9949085423345276,7959.0
2,0.9876188370550519,0.9953208556149733,0.9914548884696482,4488.0
3,1.0,0.999822883457315,0.9999114338853955,5646.0
4,0.9959853377552802,0.9880519480519481,0.9920027816411683,5775.0
accuracy,0.9927483152651626,0.9927483152651626,0.9927483152651626,0.9927483152651626
macro avg,0.9910133232685379,0.9918994946017117,0.9914483625753021,27304.0
weighted avg,0.9927743959094284,0.9927483152651626,0.9927543042718372,27304.0
