,precision,recall,f1-score,support
0,0.9890310786106032,0.9447031431897556,0.9663590354272105,3436.0
1,0.9856204289078964,0.9988693467336683,0.9922006613839146,7960.0
2,0.9902783915156872,0.9988856697125028,0.9945634084100743,4487.0
3,1.0,1.0,1.0,5646.0
4,0.9939477779699118,0.9953246753246753,0.9946357501297802,5775.0
accuracy,0.9915397011426897,0.9915397011426897,0.9915397011426897,0.9915397011426897
macro avg,0.9917755354008196,0.9875565669921205,0.989551771070196,27304.0
weighted avg,0.991549844737768,0.9915397011426897,0.9914647810166767,27304.0
