,precision,recall,f1-score,support
0,0.9911070223857712,0.9403549607215596,0.9650641982681397,3437.0
1,0.9840227891999009,0.9982409850483729,0.9910808956527163,7959.0
2,0.9891879964695499,0.9991085357700022,0.9941235170196252,4487.0
3,1.0,1.0,1.0,5647.0
4,0.993956138836125,0.9967099567099567,0.9953311430053605,5775.0
accuracy,0.991137154367332,0.991137154367332,0.991137154367332,0.991137154367332
macro avg,0.9916547893782693,0.9868828876499783,0.9891199507891683,27305.0
weighted avg,0.991168484054913,0.991137154367332,0.9910495539157875,27305.0
