,precision,recall,f1-score,support
0,0.9558073654390935,0.9816700610997964,0.9685660973159179,3437.0
1,0.9946169253880821,0.9982409850483729,0.9964256599987459,7959.0
2,0.9955357142857143,0.9939826164475151,0.9947585591613695,4487.0
3,1.0,0.9996458296440588,0.999822883457315,5647.0
4,0.9996467679265277,0.9800865800865801,0.9897700445921133,5775.0
accuracy,0.9919062442776049,0.9919062442776049,0.9919062442776049,0.9919062442776049
macro avg,0.9891213546078836,0.9907252144652647,0.9898686489050924,27305.0
weighted avg,0.9920598739774256,0.9919062442776049,0.9919398274955065,27305.0
