,precision,recall,f1-score,support
0,0.9983644859813084,0.9948777648428405,0.9966180758017493,4295.0
1,1.0,1.0,1.0,10100.0
2,0.9998203700377223,1.0,0.9999101769514057,5566.0
3,1.0,1.0,1.0,6996.0
4,0.9969393433500279,0.9988848620016727,0.9979111544353154,7174.0
accuracy,0.9991210336644106,0.9991210336644106,0.9991210336644106,0.9991210336644106
macro avg,0.9990248398738117,0.9987525253689027,0.998887881437694,34131.0
weighted avg,0.9991215755797598,0.9991210336644106,0.9991207202367054,34131.0
