,precision,recall,f1-score,support
0,0.700189959294437,0.9837578160744243,0.8180982275912363,26228.0
1,0.9999013903954245,1.0,0.9999506927666288,10140.0
2,1.0,0.99982397465235,0.9999119795792624,5681.0
3,1.0,1.0,1.0,12340.0
4,0.7876370887337986,0.12511878365536902,0.2159354926882602,12628.0
accuracy,0.8287747884865034,0.8287747884865034,0.8287747884865034,0.8287747884865034
macro avg,0.897545687684732,0.8217401148764287,0.8067792785250776,67017.0
weighted avg,0.8426349061807378,0.8287747884865034,0.7810542652696136,67017.0
