,precision,recall,f1-score,support
0,0.6908656548622821,0.93720451425957,0.7953986538959358,26228.0
1,0.9931305201177625,0.9980276134122288,0.9955730447614363,10140.0
2,1.0,0.99982397465235,0.9999119795792624,5681.0
3,0.7365891040824857,0.856807131280389,0.7921630328912864,12340.0
4,0.39159109645507006,0.03761482420019006,0.0686366592009248,12628.0
accuracy,0.7674023009087246,0.7674023009087246,0.7674023009087246,0.7674023009087246
macro avg,0.7624352751035202,0.7658956115609455,0.7303366740657691,67017.0
weighted avg,0.7148319050410274,0.7674023009087246,0.7054831174555876,67017.0
