,precision,recall,f1-score,support
0,0.8998001282196327,0.9097148086014946,0.9047303061901601,26228.0
1,1.0,1.0,1.0,10140.0
2,1.0,1.0,1.0,5681.0
3,1.0,1.0,1.0,12340.0
4,0.8080881757030554,0.7895945517896737,0.7987343293146953,12628.0
accuracy,0.9250190250235015,0.9250190250235015,0.9250190250235015,0.9250190250235015
macro avg,0.9415776607845376,0.9398618720782336,0.9406929271009711,67017.0
weighted avg,0.9246235320250491,0.9250190250235015,0.9247904797490412,67017.0
