,precision,recall,f1-score,support
0,0.9450439725027843,0.938233948452036,0.941626647789236,26228.0
1,1.0,1.0,1.0,10140.0
2,1.0,1.0,1.0,5681.0
3,1.0,1.0,1.0,12340.0
4,0.8736053678707966,0.8866803927779537,0.8800943210846924,12628.0
accuracy,0.9544742378799409,0.9544742378799409,0.9544742378799409,0.9544742378799409
macro avg,0.9637298680747162,0.964982868245998,0.9643441937747858,67017.0
weighted avg,0.9546757076006901,0.9544742378799409,0.954561003997099,67017.0
