,precision,recall,f1-score,support
0,0.9987288135593221,0.08986579228305627,0.16489436127046314,26228.0
1,0.9998005186515061,0.4942800788954635,0.6615191711212302,10140.0
2,1.0,0.99982397465235,0.9999119795792624,5681.0
3,0.2828523620693607,1.0,0.4409741454785856,12340.0
4,0.2461062203734159,0.20145707950586,0.22155453951665577,12628.0
accuracy,0.4168046913469717,0.4168046913469717,0.4168046913469717,0.4168046913469717
macro avg,0.7054975829307211,0.5570853850673461,0.4977708393932394,67017.0
weighted avg,0.7253661620181682,0.4168046913469717,0.3723318760729792,67017.0
