,precision,recall,f1-score,support
0,0.858407388046698,0.9391490010675614,0.8969648416874534,26228.0
1,0.9999013903954245,1.0,0.9999506927666288,10140.0
2,1.0,0.99982397465235,0.9999119795792624,5681.0
3,1.0,1.0,1.0,12340.0
4,0.8429288455860644,0.6782546721571112,0.7516784413532844,12628.0
accuracy,0.9155438172404017,0.9155438172404017,0.9155438172404017,0.9155438172404017
macro avg,0.9402475248056372,0.9234455295754046,0.9297011910773259,67017.0
weighted avg,0.9149740294904162,0.9155438172404017,0.9128697077731205,67017.0
