,precision,recall,f1-score,support
0,0.708070033045394,0.931332926643282,0.8044988966834634,26228.0
1,0.9999013612152299,0.9997041420118343,0.9998027418877601,10140.0
2,1.0,0.99982397465235,0.9999119795792624,5681.0
3,0.7428340190193565,0.8925445705024311,0.8108366768505908,12340.0
4,0.4007470651013874,0.059471016788089956,0.10357192111432906,12628.0
accuracy,0.7760568214035245,0.7760568214035245,0.7760568214035245,0.7760568214035245
macro avg,0.7703104956762735,0.7765753261195975,0.7437244432230812,67017.0
weighted avg,0.7254646785477744,0.7760568214035245,0.7197058602013457,67017.0
