,precision,recall,f1-score,support
0,0.9988324576765908,0.9947674418604651,0.9967958054180017,1720.0
1,1.0,0.9997488068324542,0.9998743876397438,3981.0
2,1.0,1.0,1.0,4487.0
3,1.0,1.0,1.0,2823.0
4,0.9969146383270483,0.9996562392574768,0.9982835564709921,2909.0
accuracy,0.9993090452261306,0.9993090452261306,0.9993090452261306,0.9993090452261306
macro avg,0.9991494192007279,0.9988344975900791,0.9989907499057475,15920.0
weighted avg,0.9993100822925326,0.9993090452261306,0.9993087681084735,15920.0
