,precision,recall,f1-score,support
0,0.9988385598141696,1.0,0.999418942475305,1720.0
1,0.9997489329651017,1.0,0.9998744507219084,3982.0
2,1.0,1.0,1.0,4486.0
3,1.0,1.0,1.0,2824.0
4,1.0,0.9989683631361761,0.9994839153621193,2908.0
accuracy,0.9998115577889447,0.9998115577889447,0.9998115577889447,0.9998115577889447
macro avg,0.9997174985558542,0.9997936726272352,0.9997554617118665,15920.0
weighted avg,0.9998117194690582,0.9998115577889447,0.9998115496045984,15920.0
