,precision,recall,f1-score,support
0,0.957592339261286,0.986378581493659,0.971772327626099,2129.0
1,0.9933960376225736,1.0,0.9966870796104809,4964.0
2,1.0,0.9992871145963287,0.999643430201462,5611.0
3,1.0,1.0,1.0,3611.0
4,1.0,0.9740585774058578,0.986858838490886,3585.0
accuracy,0.9936683417085427,0.9936683417085427,0.9936683417085427,0.9936683417085427
macro avg,0.990197675376772,0.991944854699169,0.9909923351857856,19900.0
weighted avg,0.9938156794495343,0.9936683417085427,0.9936857372639508,19900.0
