,precision,recall,f1-score,support
0,0.9958871915393654,0.9860383944153578,0.9909383221280328,1719.0
1,1.0,1.0,1.0,3982.0
2,1.0,1.0,1.0,4487.0
3,1.0,1.0,1.0,2823.0
4,0.9917976760082023,0.9975936748023376,0.994687232219366,2909.0
accuracy,0.9980527638190955,0.9980527638190955,0.9980527638190955,0.9980527638190955
macro avg,0.9975369735095135,0.9967264138435391,0.9971251108694797,15920.0
weighted avg,0.9980571307640722,0.9980527638190955,0.9980507622025268,15920.0
