,precision,recall,f1-score,support
0,0.999529854254819,0.9985908877407234,0.9990601503759399,2129.0
1,1.0,0.999798549556809,0.9998992646318122,4964.0
2,0.9996436843042936,1.0,0.9998218104062723,5611.0
3,1.0,1.0,1.0,3611.0
4,0.9994422755158952,0.999721059972106,0.9995816483056756,3585.0
accuracy,0.999748743718593,0.999748743718593,0.999748743718593,0.999748743718593
macro avg,0.9997231628150015,0.9996220994539277,0.9996725747439401,19900.0
weighted avg,0.9997487603047429,0.999748743718593,0.9997487134245292,19900.0
