,precision,recall,f1-score,support
0,0.9990516832622096,0.9896665100986378,0.9943369513921662,2129.0
1,1.0,0.999597099113618,0.999798508966351,4964.0
2,0.9994656216601354,1.0,0.9997327394209354,5611.0
3,1.0,1.0,1.0,3611.0
4,0.9947280799112098,1.0,0.9973570733064404,3585.0
accuracy,0.9987939698492462,0.9987939698492462,0.9987939698492462,0.9987939698492462
macro avg,0.9986490769667109,0.9978527218424512,0.9982450546171785,19900.0
weighted avg,0.9987981308181886,0.9987939698492462,0.9987923958149421,19900.0
