,precision,recall,f1-score,support
0,0.9976784677887406,0.9994186046511628,0.9985477781004938,1720.0
1,1.0,1.0,1.0,3982.0
2,1.0,1.0,1.0,4486.0
3,1.0,1.0,1.0,2824.0
4,0.9996557659208262,0.9986244841815681,0.9991398589368656,2908.0
accuracy,0.9996859296482412,0.9996859296482412,0.9996859296482412,0.9996859296482412
macro avg,0.9994668467419133,0.9996086177665461,0.9995375274074718,15920.0
weighted avg,0.9996863022546731,0.9996859296482412,0.9996859854347522,15920.0
