,precision,recall,f1-score,support
0,0.9988385598141696,1.0,0.999418942475305,1720.0
1,1.0,0.9997488068324542,0.9998743876397438,3981.0
2,1.0,1.0,1.0,4487.0
3,1.0,1.0,1.0,2823.0
4,0.999656121045392,0.9993124785149536,0.999484270242393,2909.0
accuracy,0.9998115577889447,0.9998115577889447,0.9998115577889447,0.9998115577889447
macro avg,0.9996989361719123,0.9998122570694814,0.9997555200714883,15920.0
weighted avg,0.9998116820980789,0.9998115577889447,0.9998115741448785,15920.0
