,precision,recall,f1-score,support
0,0.999526066350711,0.9906059182714889,0.9950460014154282,2129.0
1,1.0,1.0,1.0,4964.0
2,1.0,1.0,1.0,5611.0
3,1.0,1.0,1.0,3611.0
4,0.9944506104328524,0.999721059972106,0.997078870496592,3585.0
accuracy,0.9989447236180905,0.9989447236180905,0.9989447236180905,0.9989447236180905
macro avg,0.9987953353567127,0.998065395648719,0.9984249743824041,19900.0
weighted avg,0.9989495695307758,0.9989447236180905,0.9989437531529513,19900.0
