,precision,recall,f1-score,support
0,1.0,0.9882573978393612,0.9940940231514293,2129.0
1,0.999597099113618,0.999597099113618,0.999597099113618,4964.0
2,1.0,0.9992871145963287,0.999643430201462,5611.0
3,1.0,1.0,1.0,3611.0
4,0.9914222468179302,0.999442119944212,0.9954160300041672,3585.0
accuracy,0.9983417085427135,0.9983417085427135,0.9983417085427135,0.9983417085427135
macro avg,0.9982038691863098,0.9973167462987039,0.9977501164941354,19900.0
weighted avg,0.9983542087860442,0.9983417085427135,0.9983413030007404,19900.0
