,precision,recall,f1-score,support
0,0.999061473486626,1.0,0.9995305164319249,2129.0
1,1.0,1.0,1.0,4964.0
2,1.0,1.0,1.0,5611.0
3,1.0,1.0,1.0,3611.0
4,1.0,0.999442119944212,0.9997209821428571,3585.0
accuracy,0.9998994974874372,0.9998994974874372,0.9998994974874372,0.9998994974874372
macro avg,0.9998122946973252,0.9998884239888424,0.9998502997149563,19900.0
weighted avg,0.9998995918117098,0.9998994974874372,0.9998995070585784,19900.0
