,precision,recall,f1-score,support
0,0.9378854625550661,1.0,0.9679472607410775,2129.0
1,1.0,0.999597099113618,0.999798508966351,4964.0
2,1.0,0.9918018178577793,0.9958840372226199,5611.0
3,1.0,1.0,1.0,3611.0
4,1.0,0.9740585774058578,0.986858838490886,3585.0
accuracy,0.9929145728643216,0.9929145728643216,0.9929145728643216,0.9929145728643216
macro avg,0.9875770925110132,0.9930914988754511,0.9900977290841869,19900.0
weighted avg,0.9933546808934541,0.9929145728643216,0.992992652536315,19900.0
