,precision,recall,f1-score,support
0,0.9981185324553151,0.9967120713950212,0.9974148061104583,2129.0
1,1.0,1.0,1.0,4964.0
2,1.0,1.0,1.0,5611.0
3,1.0,1.0,1.0,3611.0
4,0.9980490523968785,0.998884239888424,0.9984664714903109,3585.0
accuracy,0.9994472361809045,0.9994472361809045,0.9994472361809045,0.9994472361809045
macro avg,0.9992335169704388,0.999119262256689,0.999176255520154,19900.0
weighted avg,0.9994472466552852,0.9994472361809045,0.9994471569096447,19900.0
