,precision,recall,f1-score,support
0,0.9453162149310509,0.9337717238139972,0.9395085066162571,2129.0
1,0.972729056307632,0.9987912973408541,0.9855879137262697,4964.0
2,0.9996426657137752,0.9971484583853145,0.9983940042826552,5611.0
3,1.0,1.0,1.0,3611.0
4,1.0,0.9740585774058578,0.986858838490886,3585.0
accuracy,0.9871356783919598,0.9871356783919598,0.9871356783919598,0.9871356783919598
macro avg,0.9835375873904916,0.9807540113892047,0.9820698526232137,19900.0
weighted avg,0.9872462439406675,0.9871356783919598,0.9871130506705035,19900.0
