,precision,recall,f1-score,support
0,0.9439124487004104,0.9722874589008924,0.9578898658028691,2129.0
1,0.996984318455971,0.9989927477840451,0.9979875226403703,4964.0
2,0.9921777777777778,0.9946533594724648,0.9934140263438946,5611.0
3,1.0,1.0,1.0,3611.0
4,0.9985702030311696,0.9740585774058578,0.9861621011013838,3585.0
accuracy,0.9906030150753768,0.9906030150753768,0.9906030150753768,0.9906030150753768
macro avg,0.9863289495930658,0.987998428712652,0.9870907031777035,19900.0
weighted avg,0.9907840929184155,0.9906030150753768,0.99064295582639,19900.0
