,precision,recall,f1-score,support
0,0.9845650140318054,0.9887271019257867,0.9866416686196391,2129.0
1,1.0,1.0,1.0,4964.0
2,1.0,1.0,1.0,5611.0
3,1.0,1.0,1.0,3611.0
4,0.9932885906040269,0.9907949790794979,0.9920402178466695,3585.0
accuracy,0.9971356783919598,0.9971356783919598,0.9971356783919598,0.9971356783919598
macro avg,0.9955707209271665,0.9959044162010569,0.9957363772932618,19900.0
weighted avg,0.997139623728098,0.9971356783919598,0.9971368991694232,19900.0
