,precision,recall,f1-score,support
0,0.9976525821596244,0.9981211836542978,0.9978868278938718,2129.0
1,1.0,1.0,1.0,4964.0
2,1.0,1.0,1.0,5611.0
3,1.0,1.0,1.0,3611.0
4,0.9988839285714286,0.99860529986053,0.9987445947830939,3585.0
accuracy,0.9995477386934674,0.9995477386934674,0.9995477386934674,0.9995477386934674
macro avg,0.9993073021462106,0.9993452967029656,0.9993262845353932,19900.0
weighted avg,0.9995478005701713,0.9995477386934674,0.9995477602453993,19900.0
