,precision,recall,f1-score,support
0,0.9500687127805771,0.9741662752465946,0.9619666048237476,2129.0
1,1.0,1.0,1.0,4964.0
2,0.9902654867256637,0.9971484583853145,0.9936950537252465,5611.0
3,1.0,1.0,1.0,3611.0
4,1.0,0.9740585774058578,0.986858838490886,3585.0
accuracy,0.9917587939698492,0.9917587939698492,0.9917587939698492,0.9917587939698492
macro avg,0.9880668399012482,0.9890746622075535,0.9885040994079761,19900.0
weighted avg,0.9919133635943491,0.9917587939698492,0.991785868548339,19900.0
