,precision,recall,f1-score,support
0,0.9990634511823929,0.9934807916181606,0.9962643007237917,4295.0
1,1.0,1.0,1.0,10100.0
2,1.0,1.0,1.0,5566.0
3,1.0,1.0,1.0,6996.0
4,0.9961100305640456,0.9994424310008364,0.9977734483718341,7174.0
accuracy,0.9990624359087047,0.9990624359087047,0.9990624359087047,0.9990624359087047
macro avg,0.9990346963492878,0.9985846445237995,0.9988075498191252,34131.0
weighted avg,0.9990645126745434,0.9990624359087047,0.9990619053127135,34131.0
