,precision,recall,f1-score,support
0,0.970873786407767,0.9545983701979045,0.9626672927917351,4295.0
1,0.9864085264495942,0.9988118811881188,0.9925714566832292,10100.0
2,0.9880973529934269,0.9992813510600072,0.9936578829834748,5566.0
3,0.9998570816064027,1.0,0.9999285356964196,6996.0
4,0.9984408221119773,0.9818790075271815,0.9900906599198819,7174.0
accuracy,0.9900090826521344,0.9900090826521344,0.9900090826521344,0.9900090826521344
macro avg,0.9887355139138336,0.9869141219946425,0.987783165614948,34131.0
weighted avg,0.9900147519051125,0.9900090826521344,0.9899721057608779,34131.0
