,precision,recall,f1-score,support
0,0.9587482219061166,0.980506255455339,0.9695051783659379,3437.0
1,0.9930008748906387,0.9982409850483729,0.9956140350877193,7959.0
2,0.9975457385095939,0.9964341430800089,0.9969896309510536,4487.0
3,1.0,0.9996458296440588,0.999822883457315,5647.0
4,0.9996467679265277,0.9800865800865801,0.9897700445921133,5775.0
accuracy,0.9921626075810291,0.9921626075810291,0.9921626075810291,0.9921626075810291
macro avg,0.9897883206465755,0.9909827586628719,0.9903403544908278,27305.0
weighted avg,0.9922893028900992,0.9921626075810291,0.9921880867162489,27305.0
