,precision,recall,f1-score,support
0,0.9506309497454063,0.99976717112922,0.9745801180208806,4295.0
1,1.0,0.9995049504950495,0.9997524139638524,10100.0
2,1.0,0.9919151994250809,0.9959411923874808,5566.0
3,1.0,1.0,1.0,6996.0
4,0.9998571836618109,0.9758851407861723,0.9877257336343115,7174.0
accuracy,0.9934370513609329,0.9934370513609329,0.9934370513609329,0.9934370513609329
macro avg,0.9900976266814434,0.9934144923671046,0.991599891601305,34131.0
weighted avg,0.993757445276914,0.9934370513609329,0.9934860999635481,34131.0
