,precision,recall,f1-score,support
0,0.953226894535642,0.9869615832363213,0.9698009608785175,4295.0
1,0.9959522164083325,0.9988118811881188,0.9973799990113204,10100.0
2,0.9973011874775098,0.9958677685950413,0.9965839626033801,5566.0
3,1.0,0.9997141223556318,0.9998570407433881,6996.0
4,0.9997144081108097,0.9758851407861723,0.987656062636665,7174.0
accuracy,0.9922064984911078,0.9922064984911078,0.9922064984911078,0.9922064984911078
macro avg,0.9892389413064588,0.9914480992322572,0.9902556051746544,34131.0
weighted avg,0.9924161750620114,0.9922064984911078,0.9922435294375834,34131.0
