,precision,recall,f1-score,support
0,0.9740453460620525,0.95023282887078,0.9619917501473187,3436.0
1,0.9845239569146961,0.9991204925241864,0.9917685208281367,7959.0
2,0.9883131201764057,0.9986631016042781,0.9934611548265544,4488.0
3,1.0,1.0,1.0,5646.0
4,0.9980681419037584,0.9840692640692641,0.9910192693347284,5775.0
accuracy,0.9898915909756812,0.9898915909756812,0.9898915909756812,0.9898915909756812
macro avg,0.9889901130113825,0.9864171374137017,0.9876481390273476,27304.0
weighted avg,0.9898930114634924,0.9898915909756812,0.9898432190904981,27304.0
