,precision,recall,f1-score,support
0,0.9990684676292502,0.9988358556461001,0.9989521480964024,4295.0
1,1.0,1.0,1.0,10100.0
2,1.0,1.0,1.0,5566.0
3,1.0,1.0,1.0,6996.0
4,0.9993031358885017,0.9994424310008364,0.9993727785908426,7174.0
accuracy,0.9997363100993232,0.9997363100993232,0.9997363100993232,0.9997363100993232
macro avg,0.9996743207035503,0.9996556573293873,0.9996649853374489,34131.0
weighted avg,0.9997363032238066,0.9997363100993232,0.9997363039373226,34131.0
