,precision,recall,f1-score,support
0,0.957630979498861,0.9788125727590221,0.9681059297639608,4295.0
1,0.9927722772277228,0.9927722772277228,0.9927722772277228,10100.0
2,0.982250621228257,0.9942508084800575,0.9882142857142857,5566.0
3,1.0,1.0,1.0,6996.0
4,0.9984310369419483,0.9757457485363814,0.986958054282693,7174.0
accuracy,0.9891594151943981,0.9891594151943981,0.9891594151943981,0.9891594151943981
macro avg,0.9862169829793578,0.9883162814006369,0.9872101093977325,34131.0
weighted avg,0.989305214430448,0.9891594151943981,0.9891844002240182,34131.0
