,precision,recall,f1-score,support
0,0.9997090485888857,0.9997090485888857,0.9997090485888857,3437.0
1,1.0,1.0,1.0,7959.0
2,1.0,1.0,1.0,4487.0
3,1.0,1.0,1.0,5647.0
4,0.9998268398268398,0.9998268398268398,0.9998268398268398,5775.0
accuracy,0.9999267533418787,0.9999267533418787,0.9999267533418787,0.9999267533418787
macro avg,0.9999071776831452,0.9999071776831452,0.9999071776831452,27305.0
weighted avg,0.9999267533418787,0.9999267533418787,0.9999267533418787,27305.0
