,precision,recall,f1-score,support
0,0.9990682506405777,0.9986030267753201,0.9988355845365626,4295.0
1,1.0,0.9998019801980198,0.9999009802950787,10100.0
2,1.0,1.0,1.0,5566.0
3,1.0,1.0,1.0,6996.0
4,0.9988854834215659,0.9994424310008364,0.9991638795986622,7174.0
accuracy,0.9996484134657643,0.9996484134657643,0.9996484134657643,0.9996484134657643
macro avg,0.9995907468124287,0.9995694875948352,0.9995800888860608,34131.0
weighted avg,0.9996484894836833,0.9996484134657643,0.9996484254433105,34131.0
