,precision,recall,f1-score,support
0,0.9986033519553073,0.9988358556461001,0.998719590268886,4295.0
1,1.0,0.9998019801980198,0.9999009802950787,10100.0
2,1.0,1.0,1.0,5566.0
3,1.0,1.0,1.0,6996.0
4,0.9990243902439024,0.9991636465012546,0.999094013520106,7174.0
accuracy,0.9996191145879113,0.9996191145879113,0.9996191145879113,0.9996191145879113
macro avg,0.999525548439842,0.9995602964690748,0.9995429168168142,34131.0
weighted avg,0.9996191840924027,0.9996191145879113,0.9996191437162228,34131.0
