,precision,recall,f1-score,support
0,0.9976635514018691,0.9941792782305006,0.9959183673469387,4295.0
1,1.0,1.0,1.0,10100.0
2,1.0,1.0,1.0,5566.0
3,1.0,1.0,1.0,6996.0
4,0.9965224648768952,0.9986060775020908,0.9975631831790016,7174.0
accuracy,0.9989745392751458,0.9989745392751458,0.9989745392751458,0.9989745392751458
macro avg,0.9988372032557529,0.9985570711465183,0.9986963101051881,34131.0
weighted avg,0.9989750407634664,0.9989745392751458,0.9989741778407097,34131.0
