,precision,recall,f1-score,support
0,0.9591603924252795,0.9788125727590221,0.9688868402857801,4295.0
1,0.9931689931689932,0.9932673267326733,0.9932181575169546,10100.0
2,0.9833244633670392,0.9958677685950413,0.9895563688297777,5566.0
3,1.0,1.0,1.0,6996.0
4,0.9981465640148275,0.9758851407861723,0.9868903298562165,7174.0
accuracy,0.9895988983621927,0.9895988983621927,0.9895988983621927,0.9895988983621927
macro avg,0.9867600825952278,0.9887665617745818,0.9877103392977459,34131.0
weighted avg,0.989730395529481,0.9895988983621927,0.989619241898676,34131.0
