,precision,recall,f1-score,support
0,0.9510628875110717,1.0,0.9749177164907502,4295.0
1,1.0,0.9995049504950495,0.9997524139638524,10100.0
2,1.0,0.9922745238950773,0.9961222833438542,5566.0
3,1.0,1.0,1.0,6996.0
4,1.0,0.9758851407861723,0.9877954144620811,7174.0
accuracy,0.9935249479944918,0.9935249479944918,0.9935249479944918,0.9935249479944918
macro avg,0.9902125775022143,0.9935329230352599,0.9917175656521076,34131.0
weighted avg,0.9938418183428571,0.9935249479944918,0.993572761003356,34131.0
