,precision,recall,f1-score,support
0,0.973715651135006,0.9487776484284052,0.9610849056603774,4295.0
1,0.9849638742433119,0.9988118811881188,0.9918395438010028,10100.0
2,0.9888,0.9992813510600072,0.9940130461978376,5566.0
3,0.9998570816064027,1.0,0.9999285356964196,6996.0
4,0.9971759390002825,0.9843880680234179,0.9907407407407407,7174.0
accuracy,0.9898039905071636,0.9898039905071636,0.9898039905071636,0.9898039905071636
macro avg,0.9889025091970005,0.9862517897399898,0.9875213544192756,34131.0
weighted avg,0.9897935888426568,0.9898039905071636,0.9897509533018323,34131.0
