,precision,recall,f1-score,support
0,0.9995340167753961,0.9988358556461001,0.999184814254105,4295.0
1,1.0,1.0,1.0,10100.0
2,1.0,1.0,1.0,5566.0
3,1.0,1.0,1.0,6996.0
4,0.9993033300822071,0.9997212155004181,0.9995122291129538,7174.0
accuracy,0.9997949078550291,0.9997949078550291,0.9997949078550291,0.9997949078550291
macro avg,0.9997674693715206,0.9997114142293038,0.9997394086734118,34131.0
weighted avg,0.9997949281316129,0.9997949078550291,0.999794893465697,34131.0
