,precision,recall,f1-score,support
0,0.9473393989523021,1.0,0.972957666713861,3436.0
1,1.0,0.9992462311557789,0.9996229734824683,7960.0
2,1.0,0.9913082237575217,0.995635142697258,4487.0
3,1.0,1.0,1.0,5646.0
4,1.0,0.9747186147186148,0.9871974745703262,5775.0
accuracy,0.9930046879578084,0.9930046879578084,0.9930046879578084,0.9930046879578084
macro avg,0.9894678797904604,0.9930546139263831,0.9910826514927826,27304.0
weighted avg,0.9933730652944663,0.9930046879578084,0.9930618851697738,27304.0
