,precision,recall,f1-score,support
0,0.9740376007162042,0.9499417927823051,0.9618388094887285,3436.0
1,0.9835497835497835,0.9989949748743718,0.9912122156435027,7960.0
2,0.9900640317950983,0.9993314018275017,0.9946761313220941,4487.0
3,1.0,1.0,1.0,5646.0
4,0.9970138766906728,0.9828571428571429,0.9898848971049878,5775.0
accuracy,0.9896718429534134,0.9896718429534134,0.9896718429534134,0.9896718429534134
macro avg,0.9889330585503517,0.9862250624682642,0.9875224107118626,27304.0
weighted avg,0.9896726458273658,0.9896718429534134,0.9896214645454546,27304.0
