,precision,recall,f1-score,support
0,0.9997088791848617,0.999127145766657,0.9994179278230501,3437.0
1,1.0,1.0,1.0,7959.0
2,1.0,1.0,1.0,4487.0
3,1.0,1.0,1.0,5647.0
4,0.9994806993249091,0.9998268398268398,0.9996537396121884,5775.0
accuracy,0.9998535066837575,0.9998535066837575,0.9998535066837575,0.9998535066837575
macro avg,0.9998379157019542,0.9997907971186993,0.9998143334870477,27305.0
weighted avg,0.9998535233971698,0.9998535066837575,0.9998534980475448,27305.0
