,precision,recall,f1-score,support
0,0.9532058492688414,0.9864959254947614,0.9695652173913043,4295.0
1,0.9955590644429093,0.9988118811881188,0.9971828201453071,10100.0
2,0.9976601871850252,0.9958677685950413,0.9967631720913505,5566.0
3,1.0,0.9997141223556318,0.9998570407433881,6996.0
4,0.9997144081108097,0.9758851407861723,0.987656062636665,7174.0
accuracy,0.9921479007354018,0.9921479007354018,0.9921479007354018,0.9921479007354018
macro avg,0.9892279018015172,0.9913549676839452,0.9902048626016031,34131.0
weighted avg,0.9923557305423766,0.9921479007354018,0.9921847399261636,34131.0
