,precision,recall,f1-score,support
0,1.0,0.9985452429444283,0.9992720920075703,3437.0
1,1.0,1.0,1.0,7959.0
2,1.0,1.0,1.0,4487.0
3,1.0,1.0,1.0,5647.0
4,0.9991349480968859,1.0,0.9995672868887927,5775.0
accuracy,0.999816883354697,0.999816883354697,0.999816883354697,0.999816883354697
macro avg,0.9998269896193772,0.9997090485888857,0.9997678757792727,27305.0
weighted avg,0.9998170417600996,0.999816883354697,0.9998168563271487,27305.0
